-- phpMyAdmin SQL Dump
-- version 5.1.1
-- https://www.phpmyadmin.net/
--
-- Host: 127.0.0.1
-- Generation Time: May 10, 2022 at 07:16 PM
-- Server version: 10.4.22-MariaDB
-- PHP Version: 7.4.27

SET SQL_MODE = "NO_AUTO_VALUE_ON_ZERO";
START TRANSACTION;
SET time_zone = "+00:00";


/*!40101 SET @OLD_CHARACTER_SET_CLIENT=@@CHARACTER_SET_CLIENT */;
/*!40101 SET @OLD_CHARACTER_SET_RESULTS=@@CHARACTER_SET_RESULTS */;
/*!40101 SET @OLD_COLLATION_CONNECTION=@@COLLATION_CONNECTION */;
/*!40101 SET NAMES utf8mb4 */;

--
-- Database: `a`
--

-- --------------------------------------------------------

--
-- Table structure for table `bookings`
--

CREATE TABLE `bookings` (
  `id` int(10) UNSIGNED NOT NULL,
  `time_from` datetime DEFAULT NULL,
  `time_to` datetime DEFAULT NULL,
  `additional_information` text COLLATE utf8mb4_unicode_ci DEFAULT NULL,
  `created_at` timestamp NULL DEFAULT NULL,
  `updated_at` timestamp NULL DEFAULT NULL,
  `deleted_at` timestamp NULL DEFAULT NULL,
  `customer_id` int(10) UNSIGNED DEFAULT NULL,
  `room_id` int(10) UNSIGNED DEFAULT NULL
) ENGINE=InnoDB DEFAULT CHARSET=utf8mb4 COLLATE=utf8mb4_unicode_ci;

--
-- Dumping data for table `bookings`
--

INSERT INTO `bookings` (`id`, `time_from`, `time_to`, `additional_information`, `created_at`, `updated_at`, `deleted_at`, `customer_id`, `room_id`) VALUES
(7, '2022-04-13 00:00:00', '2022-04-29 00:00:00', 'fghdftd', '2022-04-26 13:54:34', '2022-04-26 13:54:34', NULL, 24, 16),
(8, '2022-04-13 00:00:00', '2022-04-29 00:00:00', 'fghdftd', '2022-04-26 13:54:58', '2022-04-26 13:54:58', NULL, 25, 16),
(9, '2022-04-13 00:00:00', '2022-04-29 00:00:00', 'fghdftd', '2022-04-26 13:55:40', '2022-04-26 13:55:40', NULL, 26, 16),
(10, '2022-04-13 00:00:00', '2022-04-29 00:00:00', 'fghdftd', '2022-04-26 13:55:57', '2022-04-26 13:55:57', NULL, 27, 16),
(11, '2022-04-13 00:00:00', '2022-04-29 00:00:00', 'fghdftd', '2022-04-26 13:57:39', '2022-04-26 13:57:39', NULL, 28, 16),
(12, '2022-04-13 00:00:00', '2022-04-29 00:00:00', 'fghdftd', '2022-04-26 14:15:44', '2022-04-26 14:15:44', NULL, 29, 16),
(13, '2022-04-13 00:00:00', '2022-04-29 00:00:00', 'fghdftd', '2022-04-26 14:16:20', '2022-04-26 14:16:20', NULL, 30, 16),
(14, '2022-04-13 00:00:00', '2022-04-29 00:00:00', 'fghdftd', '2022-04-26 14:16:37', '2022-04-26 14:16:37', NULL, 31, 16),
(15, '2022-04-13 00:00:00', '2022-04-29 00:00:00', 'fghdftd', '2022-04-26 14:17:45', '2022-04-26 14:17:45', NULL, 32, 16),
(16, '2022-04-13 00:00:00', '2022-04-29 00:00:00', 'fghdftd', '2022-04-26 14:17:56', '2022-04-26 14:17:56', NULL, 33, 16),
(17, '2022-04-26 00:00:00', '2022-04-18 00:00:00', 'sedfsfdf', '2022-05-10 06:40:22', '2022-05-10 06:40:22', NULL, 34, 16),
(18, '2022-05-10 00:00:00', '2022-05-19 00:00:00', 'dd', '2022-05-10 07:49:51', '2022-05-10 07:49:51', NULL, 35, 16),
(19, '2022-05-10 00:00:00', '2022-05-19 00:00:00', 'dd', '2022-05-10 07:55:50', '2022-05-10 07:55:50', NULL, 36, 16),
(20, '2022-05-10 00:00:00', '2022-05-19 00:00:00', 'sedfsfdf', '2022-05-10 09:57:07', '2022-05-10 09:57:07', NULL, 37, 16),
(21, '2022-05-10 00:00:00', '2022-05-19 00:00:00', 'sedfsfdf', '2022-05-10 09:57:34', '2022-05-10 09:57:34', NULL, 38, 16),
(22, '2022-05-10 00:00:00', '2022-05-19 00:00:00', 'sedfsfdf', '2022-05-10 10:02:09', '2022-05-10 10:02:09', NULL, 39, 16),
(23, '2022-05-10 00:00:00', '2022-05-19 00:00:00', 'sedfsfdf', '2022-05-10 10:02:16', '2022-05-10 10:02:16', NULL, 40, 16),
(24, '2022-05-10 00:00:00', '2022-05-19 00:00:00', 'sedfsfdf', '2022-05-10 10:03:11', '2022-05-10 10:03:11', NULL, 41, 16),
(25, '2022-05-10 00:00:00', '2022-05-19 00:00:00', 'sedfsfdf', '2022-05-10 10:05:47', '2022-05-10 10:05:47', NULL, 42, 16),
(26, '2022-05-10 00:00:00', '2022-05-19 00:00:00', 'sedfsfdf', '2022-05-10 10:06:08', '2022-05-10 10:06:08', NULL, 43, 16),
(27, '2022-05-10 00:00:00', '2022-05-19 00:00:00', 'sedfsfdf', '2022-05-10 10:06:17', '2022-05-10 10:06:17', NULL, 44, 16),
(28, '2022-05-10 00:00:00', '2022-05-19 00:00:00', 'sedfsfdf', '2022-05-10 10:06:48', '2022-05-10 10:06:48', NULL, 45, 16),
(29, '2022-05-10 00:00:00', '2022-05-19 00:00:00', 'sedfsfdf', '2022-05-10 10:07:00', '2022-05-10 10:07:00', NULL, 46, 16),
(30, '2022-05-10 00:00:00', '2022-05-19 00:00:00', 'sedfsfdf', '2022-05-10 10:07:10', '2022-05-10 10:07:10', NULL, 47, 16),
(31, '2022-05-10 00:00:00', '2022-05-19 00:00:00', 'sedfsfdf', '2022-05-10 10:07:22', '2022-05-10 10:07:22', NULL, 48, 16),
(32, '2022-05-10 00:00:00', '2022-05-19 00:00:00', 'sedfsfdf', '2022-05-10 10:07:42', '2022-05-10 10:07:42', NULL, 49, 16),
(33, '2022-05-10 00:00:00', '2022-05-19 00:00:00', 'sedfsfdf', '2022-05-10 10:08:12', '2022-05-10 10:08:12', NULL, 50, 16),
(34, '2022-05-10 00:00:00', '2022-05-19 00:00:00', 'sedfsfdf', '2022-05-10 10:08:32', '2022-05-10 10:08:32', NULL, 51, 16),
(35, '2022-05-10 00:00:00', '2022-05-19 00:00:00', 'sedfsfdf', '2022-05-10 10:08:56', '2022-05-10 10:08:56', NULL, 52, 16),
(36, '2022-05-10 00:00:00', '2022-05-19 00:00:00', 'sedfsfdf', '2022-05-10 10:09:04', '2022-05-10 10:09:04', NULL, 53, 16),
(37, '2022-05-10 00:00:00', '2022-05-19 00:00:00', 'sedfsfdf', '2022-05-10 10:09:13', '2022-05-10 10:09:13', NULL, 54, 16),
(38, '2022-05-10 00:00:00', '2022-05-19 00:00:00', 'sedfsfdf', '2022-05-10 10:09:24', '2022-05-10 10:09:24', NULL, 55, 16),
(39, '2022-05-10 00:00:00', '2022-05-19 00:00:00', 'sedfsfdf', '2022-05-10 10:09:35', '2022-05-10 10:09:35', NULL, 56, 16),
(40, '2022-05-10 00:00:00', '2022-05-19 00:00:00', 'sedfsfdf', '2022-05-10 10:10:13', '2022-05-10 10:10:13', NULL, 57, 16),
(41, '2022-05-10 00:00:00', '2022-05-19 00:00:00', 'sedfsfdf', '2022-05-10 10:10:55', '2022-05-10 10:10:55', NULL, 58, 16),
(42, '2022-05-10 00:00:00', '2022-05-19 00:00:00', 'sedfsfdf', '2022-05-10 10:11:14', '2022-05-10 10:11:14', NULL, 59, 16),
(43, '2022-05-10 00:00:00', '2022-05-19 00:00:00', 'sedfsfdf', '2022-05-10 10:11:24', '2022-05-10 10:11:24', NULL, 60, 16),
(44, '2022-05-10 00:00:00', '2022-05-19 00:00:00', 'sedfsfdf', '2022-05-10 10:11:31', '2022-05-10 10:11:31', NULL, 61, 16),
(45, '2022-05-10 00:00:00', '2022-05-19 00:00:00', 'sedfsfdf', '2022-05-10 10:11:39', '2022-05-10 10:11:39', NULL, 62, 16),
(46, '2022-05-10 00:00:00', '2022-05-19 00:00:00', 'sedfsfdf', '2022-05-10 10:11:48', '2022-05-10 10:11:48', NULL, 63, 16),
(47, '2022-05-10 00:00:00', '2022-05-19 00:00:00', 'sedfsfdf', '2022-05-10 10:12:23', '2022-05-10 10:12:23', NULL, 64, 16),
(48, '2022-05-10 00:00:00', '2022-05-19 00:00:00', 'sedfsfdf', '2022-05-10 10:12:32', '2022-05-10 10:12:32', NULL, 65, 16),
(49, '2022-05-10 00:00:00', '2022-05-19 00:00:00', 'sedfsfdf', '2022-05-10 10:12:53', '2022-05-10 10:12:53', NULL, 66, 16),
(50, '2022-05-10 00:00:00', '2022-05-19 00:00:00', 'sedfsfdf', '2022-05-10 10:13:33', '2022-05-10 10:13:33', NULL, 67, 16),
(51, '2022-05-10 00:00:00', '2022-05-19 00:00:00', 'sedfsfdf', '2022-05-10 10:13:42', '2022-05-10 10:13:42', NULL, 68, 16),
(52, '2022-05-10 00:00:00', '2022-05-19 00:00:00', 'sedfsfdf', '2022-05-10 10:13:54', '2022-05-10 10:13:54', NULL, 69, 16),
(53, '2022-05-10 00:00:00', '2022-05-19 00:00:00', 'sedfsfdf', '2022-05-10 10:14:20', '2022-05-10 10:14:20', NULL, 70, 16),
(54, '2022-05-10 00:00:00', '2022-05-19 00:00:00', 'sedfsfdf', '2022-05-10 10:54:29', '2022-05-10 10:54:29', NULL, 71, 16),
(55, '2022-05-10 00:00:00', '2022-05-19 00:00:00', 'sedfsfdf', '2022-05-10 10:57:03', '2022-05-10 10:57:03', NULL, 72, 16),
(56, '2022-05-10 00:00:00', '2022-05-19 00:00:00', 'sedfsfdf', '2022-05-10 10:59:22', '2022-05-10 10:59:22', NULL, 73, 16),
(57, '2022-05-10 00:00:00', '2022-05-19 00:00:00', 'sedfsfdf', '2022-05-10 11:11:05', '2022-05-10 11:11:05', NULL, 74, 16),
(58, '2022-05-22 00:00:00', '2022-05-25 00:00:00', 'sedfsfdf', '2022-05-10 11:44:13', '2022-05-10 11:44:13', NULL, 75, 16);

-- --------------------------------------------------------

--
-- Table structure for table `categories`
--

CREATE TABLE `categories` (
  `id` int(10) UNSIGNED NOT NULL,
  `created_at` timestamp NULL DEFAULT NULL,
  `updated_at` timestamp NULL DEFAULT NULL,
  `name` varchar(191) COLLATE utf8mb4_unicode_ci NOT NULL
) ENGINE=InnoDB DEFAULT CHARSET=utf8mb4 COLLATE=utf8mb4_unicode_ci;

--
-- Dumping data for table `categories`
--

INSERT INTO `categories` (`id`, `created_at`, `updated_at`, `name`) VALUES
(1, '2022-04-20 11:59:47', '2022-04-20 11:59:47', 'Luxury'),
(2, '2022-04-20 12:01:03', '2022-04-20 12:01:03', 'Single'),
(3, '2022-04-20 12:01:15', '2022-04-20 12:01:15', 'Double'),
(4, '2022-04-20 12:01:25', '2022-04-20 12:01:25', 'Triple'),
(5, '2022-04-20 12:01:33', '2022-04-20 12:01:33', 'Quad'),
(6, '2022-04-20 12:01:41', '2022-04-20 12:01:41', 'Queen'),
(7, '2022-04-20 12:01:48', '2022-04-20 12:01:48', 'King'),
(8, '2022-04-20 12:01:55', '2022-04-20 12:01:55', 'Twin'),
(9, '2022-04-20 12:02:19', '2022-04-20 12:02:19', 'Hollywood Twin Room');

-- --------------------------------------------------------

--
-- Table structure for table `countries`
--

CREATE TABLE `countries` (
  `id` int(10) UNSIGNED NOT NULL,
  `shortcode` varchar(191) COLLATE utf8mb4_unicode_ci DEFAULT NULL,
  `title` varchar(191) COLLATE utf8mb4_unicode_ci DEFAULT NULL,
  `created_at` timestamp NULL DEFAULT NULL,
  `updated_at` timestamp NULL DEFAULT NULL,
  `deleted_at` timestamp NULL DEFAULT NULL
) ENGINE=InnoDB DEFAULT CHARSET=utf8mb4 COLLATE=utf8mb4_unicode_ci;

--
-- Dumping data for table `countries`
--

INSERT INTO `countries` (`id`, `shortcode`, `title`, `created_at`, `updated_at`, `deleted_at`) VALUES
(1, 'AF', 'Afghanistan', '2022-04-20 11:58:33', '2022-04-20 11:58:33', NULL),
(2, 'AL', 'Albania', '2022-04-20 11:58:33', '2022-04-20 11:58:33', NULL),
(3, 'DZ', 'Algeria', '2022-04-20 11:58:33', '2022-04-20 11:58:33', NULL),
(4, 'AS', 'American Samoa', '2022-04-20 11:58:33', '2022-04-20 11:58:33', NULL),
(5, 'AD', 'Andorra', '2022-04-20 11:58:33', '2022-04-20 11:58:33', NULL),
(6, 'AO', 'Angola', '2022-04-20 11:58:33', '2022-04-20 11:58:33', NULL),
(7, 'AI', 'Anguilla', '2022-04-20 11:58:33', '2022-04-20 11:58:33', NULL),
(8, 'AQ', 'Antarctica', '2022-04-20 11:58:33', '2022-04-20 11:58:33', NULL),
(9, 'AG', 'Antigua and Barbuda', '2022-04-20 11:58:33', '2022-04-20 11:58:33', NULL),
(10, 'AR', 'Argentina', '2022-04-20 11:58:33', '2022-04-20 11:58:33', NULL),
(11, 'AM', 'Armenia', '2022-04-20 11:58:33', '2022-04-20 11:58:33', NULL),
(12, 'AW', 'Aruba', '2022-04-20 11:58:33', '2022-04-20 11:58:33', NULL),
(13, 'AU', 'Australia', '2022-04-20 11:58:33', '2022-04-20 11:58:33', NULL),
(14, 'AT', 'Austria', '2022-04-20 11:58:33', '2022-04-20 11:58:33', NULL),
(15, 'AZ', 'Azerbaijan', '2022-04-20 11:58:33', '2022-04-20 11:58:33', NULL),
(16, 'BS', 'Bahamas', '2022-04-20 11:58:33', '2022-04-20 11:58:33', NULL),
(17, 'BH', 'Bahrain', '2022-04-20 11:58:33', '2022-04-20 11:58:33', NULL),
(18, 'BD', 'Bangladesh', '2022-04-20 11:58:33', '2022-04-20 11:58:33', NULL),
(19, 'BB', 'Barbados', '2022-04-20 11:58:33', '2022-04-20 11:58:33', NULL),
(20, 'BY', 'Belarus', '2022-04-20 11:58:33', '2022-04-20 11:58:33', NULL),
(21, 'BE', 'Belgium', '2022-04-20 11:58:33', '2022-04-20 11:58:33', NULL),
(22, 'BZ', 'Belize', '2022-04-20 11:58:33', '2022-04-20 11:58:33', NULL),
(23, 'BJ', 'Benin', '2022-04-20 11:58:33', '2022-04-20 11:58:33', NULL),
(24, 'BM', 'Bermuda', '2022-04-20 11:58:33', '2022-04-20 11:58:33', NULL),
(25, 'BT', 'Bhutan', '2022-04-20 11:58:33', '2022-04-20 11:58:33', NULL),
(26, 'BO', 'Bolivia', '2022-04-20 11:58:33', '2022-04-20 11:58:33', NULL),
(27, 'BA', 'Bosnia and Herzegovina', '2022-04-20 11:58:33', '2022-04-20 11:58:33', NULL),
(28, 'BW', 'Botswana', '2022-04-20 11:58:33', '2022-04-20 11:58:33', NULL),
(29, 'BV', 'Bouvet Island', '2022-04-20 11:58:33', '2022-04-20 11:58:33', NULL),
(30, 'BR', 'Brazil', '2022-04-20 11:58:33', '2022-04-20 11:58:33', NULL),
(31, 'BQ', 'British Antarctic Territory', '2022-04-20 11:58:33', '2022-04-20 11:58:33', NULL),
(32, 'IO', 'British Indian Ocean Territory', '2022-04-20 11:58:33', '2022-04-20 11:58:33', NULL),
(33, 'VG', 'British Virgin Islands', '2022-04-20 11:58:33', '2022-04-20 11:58:33', NULL),
(34, 'BN', 'Brunei', '2022-04-20 11:58:33', '2022-04-20 11:58:33', NULL),
(35, 'BG', 'Bulgaria', '2022-04-20 11:58:33', '2022-04-20 11:58:33', NULL),
(36, 'BF', 'Burkina Faso', '2022-04-20 11:58:33', '2022-04-20 11:58:33', NULL),
(37, 'BI', 'Burundi', '2022-04-20 11:58:33', '2022-04-20 11:58:33', NULL),
(38, 'KH', 'Cambodia', '2022-04-20 11:58:33', '2022-04-20 11:58:33', NULL),
(39, 'CM', 'Cameroon', '2022-04-20 11:58:33', '2022-04-20 11:58:33', NULL),
(40, 'CA', 'Canada', '2022-04-20 11:58:33', '2022-04-20 11:58:33', NULL),
(41, 'CT', 'Canton and Enderbury Islands', '2022-04-20 11:58:33', '2022-04-20 11:58:33', NULL),
(42, 'CV', 'Cape Verde', '2022-04-20 11:58:33', '2022-04-20 11:58:33', NULL),
(43, 'KY', 'Cayman Islands', '2022-04-20 11:58:33', '2022-04-20 11:58:33', NULL),
(44, 'CF', 'Central African Republic', '2022-04-20 11:58:33', '2022-04-20 11:58:33', NULL),
(45, 'TD', 'Chad', '2022-04-20 11:58:33', '2022-04-20 11:58:33', NULL),
(46, 'CL', 'Chile', '2022-04-20 11:58:33', '2022-04-20 11:58:33', NULL),
(47, 'CN', 'China', '2022-04-20 11:58:33', '2022-04-20 11:58:33', NULL),
(48, 'CX', 'Christmas Island', '2022-04-20 11:58:33', '2022-04-20 11:58:33', NULL),
(49, 'CC', 'Cocos [Keeling] Islands', '2022-04-20 11:58:33', '2022-04-20 11:58:33', NULL),
(50, 'CO', 'Colombia', '2022-04-20 11:58:33', '2022-04-20 11:58:33', NULL),
(51, 'KM', 'Comoros', '2022-04-20 11:58:33', '2022-04-20 11:58:33', NULL),
(52, 'CG', 'Congo - Brazzaville', '2022-04-20 11:58:33', '2022-04-20 11:58:33', NULL),
(53, 'CD', 'Congo - Kinshasa', '2022-04-20 11:58:33', '2022-04-20 11:58:33', NULL),
(54, 'CK', 'Cook Islands', '2022-04-20 11:58:33', '2022-04-20 11:58:33', NULL),
(55, 'CR', 'Costa Rica', '2022-04-20 11:58:33', '2022-04-20 11:58:33', NULL),
(56, 'HR', 'Croatia', '2022-04-20 11:58:33', '2022-04-20 11:58:33', NULL),
(57, 'CU', 'Cuba', '2022-04-20 11:58:33', '2022-04-20 11:58:33', NULL),
(58, 'CY', 'Cyprus', '2022-04-20 11:58:33', '2022-04-20 11:58:33', NULL),
(59, 'CZ', 'Czech Republic', '2022-04-20 11:58:33', '2022-04-20 11:58:33', NULL),
(60, 'CI', 'Côte d’Ivoire', '2022-04-20 11:58:33', '2022-04-20 11:58:33', NULL),
(61, 'DK', 'Denmark', '2022-04-20 11:58:33', '2022-04-20 11:58:33', NULL),
(62, 'DJ', 'Djibouti', '2022-04-20 11:58:33', '2022-04-20 11:58:33', NULL),
(63, 'DM', 'Dominica', '2022-04-20 11:58:33', '2022-04-20 11:58:33', NULL),
(64, 'DO', 'Dominican Republic', '2022-04-20 11:58:33', '2022-04-20 11:58:33', NULL),
(65, 'NQ', 'Dronning Maud Land', '2022-04-20 11:58:33', '2022-04-20 11:58:33', NULL),
(66, 'DD', 'East Germany', '2022-04-20 11:58:33', '2022-04-20 11:58:33', NULL),
(67, 'EC', 'Ecuador', '2022-04-20 11:58:33', '2022-04-20 11:58:33', NULL),
(68, 'EG', 'Egypt', '2022-04-20 11:58:33', '2022-04-20 11:58:33', NULL),
(69, 'SV', 'El Salvador', '2022-04-20 11:58:33', '2022-04-20 11:58:33', NULL),
(70, 'GQ', 'Equatorial Guinea', '2022-04-20 11:58:33', '2022-04-20 11:58:33', NULL),
(71, 'ER', 'Eritrea', '2022-04-20 11:58:33', '2022-04-20 11:58:33', NULL),
(72, 'EE', 'Estonia', '2022-04-20 11:58:33', '2022-04-20 11:58:33', NULL),
(73, 'ET', 'Ethiopia', '2022-04-20 11:58:33', '2022-04-20 11:58:33', NULL),
(74, 'FK', 'Falkland Islands', '2022-04-20 11:58:33', '2022-04-20 11:58:33', NULL),
(75, 'FO', 'Faroe Islands', '2022-04-20 11:58:33', '2022-04-20 11:58:33', NULL),
(76, 'FJ', 'Fiji', '2022-04-20 11:58:33', '2022-04-20 11:58:33', NULL),
(77, 'FI', 'Finland', '2022-04-20 11:58:33', '2022-04-20 11:58:33', NULL),
(78, 'FR', 'France', '2022-04-20 11:58:33', '2022-04-20 11:58:33', NULL),
(79, 'GF', 'French Guiana', '2022-04-20 11:58:33', '2022-04-20 11:58:33', NULL),
(80, 'PF', 'French Polynesia', '2022-04-20 11:58:33', '2022-04-20 11:58:33', NULL),
(81, 'TF', 'French Southern Territories', '2022-04-20 11:58:33', '2022-04-20 11:58:33', NULL),
(82, 'FQ', 'French Southern and Antarctic Territories', '2022-04-20 11:58:33', '2022-04-20 11:58:33', NULL),
(83, 'GA', 'Gabon', '2022-04-20 11:58:33', '2022-04-20 11:58:33', NULL),
(84, 'GM', 'Gambia', '2022-04-20 11:58:33', '2022-04-20 11:58:33', NULL),
(85, 'GE', 'Georgia', '2022-04-20 11:58:33', '2022-04-20 11:58:33', NULL),
(86, 'DE', 'Germany', '2022-04-20 11:58:33', '2022-04-20 11:58:33', NULL),
(87, 'GH', 'Ghana', '2022-04-20 11:58:33', '2022-04-20 11:58:33', NULL),
(88, 'GI', 'Gibraltar', '2022-04-20 11:58:33', '2022-04-20 11:58:33', NULL),
(89, 'GR', 'Greece', '2022-04-20 11:58:33', '2022-04-20 11:58:33', NULL),
(90, 'GL', 'Greenland', '2022-04-20 11:58:33', '2022-04-20 11:58:33', NULL),
(91, 'GD', 'Grenada', '2022-04-20 11:58:33', '2022-04-20 11:58:33', NULL),
(92, 'GP', 'Guadeloupe', '2022-04-20 11:58:33', '2022-04-20 11:58:33', NULL),
(93, 'GU', 'Guam', '2022-04-20 11:58:33', '2022-04-20 11:58:33', NULL),
(94, 'GT', 'Guatemala', '2022-04-20 11:58:33', '2022-04-20 11:58:33', NULL),
(95, 'GG', 'Guernsey', '2022-04-20 11:58:33', '2022-04-20 11:58:33', NULL),
(96, 'GN', 'Guinea', '2022-04-20 11:58:33', '2022-04-20 11:58:33', NULL),
(97, 'GW', 'Guinea-Bissau', '2022-04-20 11:58:33', '2022-04-20 11:58:33', NULL),
(98, 'GY', 'Guyana', '2022-04-20 11:58:33', '2022-04-20 11:58:33', NULL),
(99, 'HT', 'Haiti', '2022-04-20 11:58:33', '2022-04-20 11:58:33', NULL),
(100, 'HM', 'Heard Island and McDonald Islands', '2022-04-20 11:58:33', '2022-04-20 11:58:33', NULL),
(101, 'HN', 'Honduras', '2022-04-20 11:58:33', '2022-04-20 11:58:33', NULL),
(102, 'HK', 'Hong Kong SAR China', '2022-04-20 11:58:33', '2022-04-20 11:58:33', NULL),
(103, 'HU', 'Hungary', '2022-04-20 11:58:33', '2022-04-20 11:58:33', NULL),
(104, 'IS', 'Iceland', '2022-04-20 11:58:33', '2022-04-20 11:58:33', NULL),
(105, 'IN', 'India', '2022-04-20 11:58:33', '2022-04-20 11:58:33', NULL),
(106, 'ID', 'Indonesia', '2022-04-20 11:58:33', '2022-04-20 11:58:33', NULL),
(107, 'IR', 'Iran', '2022-04-20 11:58:33', '2022-04-20 11:58:33', NULL),
(108, 'IQ', 'Iraq', '2022-04-20 11:58:33', '2022-04-20 11:58:33', NULL),
(109, 'IE', 'Ireland', '2022-04-20 11:58:33', '2022-04-20 11:58:33', NULL),
(110, 'IM', 'Isle of Man', '2022-04-20 11:58:33', '2022-04-20 11:58:33', NULL),
(111, 'IL', 'Israel', '2022-04-20 11:58:33', '2022-04-20 11:58:33', NULL),
(112, 'IT', 'Italy', '2022-04-20 11:58:33', '2022-04-20 11:58:33', NULL),
(113, 'JM', 'Jamaica', '2022-04-20 11:58:33', '2022-04-20 11:58:33', NULL),
(114, 'JP', 'Japan', '2022-04-20 11:58:33', '2022-04-20 11:58:33', NULL),
(115, 'JE', 'Jersey', '2022-04-20 11:58:33', '2022-04-20 11:58:33', NULL),
(116, 'JT', 'Johnston Island', '2022-04-20 11:58:33', '2022-04-20 11:58:33', NULL),
(117, 'JO', 'Jordan', '2022-04-20 11:58:33', '2022-04-20 11:58:33', NULL),
(118, 'KZ', 'Kazakhstan', '2022-04-20 11:58:33', '2022-04-20 11:58:33', NULL),
(119, 'KE', 'Kenya', '2022-04-20 11:58:33', '2022-04-20 11:58:33', NULL),
(120, 'KI', 'Kiribati', '2022-04-20 11:58:33', '2022-04-20 11:58:33', NULL),
(121, 'KW', 'Kuwait', '2022-04-20 11:58:33', '2022-04-20 11:58:33', NULL),
(122, 'KG', 'Kyrgyzstan', '2022-04-20 11:58:33', '2022-04-20 11:58:33', NULL),
(123, 'LA', 'Laos', '2022-04-20 11:58:33', '2022-04-20 11:58:33', NULL),
(124, 'LV', 'Latvia', '2022-04-20 11:58:33', '2022-04-20 11:58:33', NULL),
(125, 'LB', 'Lebanon', '2022-04-20 11:58:33', '2022-04-20 11:58:33', NULL),
(126, 'LS', 'Lesotho', '2022-04-20 11:58:33', '2022-04-20 11:58:33', NULL),
(127, 'LR', 'Liberia', '2022-04-20 11:58:33', '2022-04-20 11:58:33', NULL),
(128, 'LY', 'Libya', '2022-04-20 11:58:33', '2022-04-20 11:58:33', NULL),
(129, 'LI', 'Liechtenstein', '2022-04-20 11:58:33', '2022-04-20 11:58:33', NULL),
(130, 'LT', 'Lithuania', '2022-04-20 11:58:33', '2022-04-20 11:58:33', NULL),
(131, 'LU', 'Luxembourg', '2022-04-20 11:58:33', '2022-04-20 11:58:33', NULL),
(132, 'MO', 'Macau SAR China', '2022-04-20 11:58:33', '2022-04-20 11:58:33', NULL),
(133, 'MK', 'Macedonia', '2022-04-20 11:58:33', '2022-04-20 11:58:33', NULL),
(134, 'MG', 'Madagascar', '2022-04-20 11:58:33', '2022-04-20 11:58:33', NULL),
(135, 'MW', 'Malawi', '2022-04-20 11:58:33', '2022-04-20 11:58:33', NULL),
(136, 'MY', 'Malaysia', '2022-04-20 11:58:33', '2022-04-20 11:58:33', NULL),
(137, 'MV', 'Maldives', '2022-04-20 11:58:33', '2022-04-20 11:58:33', NULL),
(138, 'ML', 'Mali', '2022-04-20 11:58:33', '2022-04-20 11:58:33', NULL),
(139, 'MT', 'Malta', '2022-04-20 11:58:33', '2022-04-20 11:58:33', NULL),
(140, 'MH', 'Marshall Islands', '2022-04-20 11:58:33', '2022-04-20 11:58:33', NULL),
(141, 'MQ', 'Martinique', '2022-04-20 11:58:33', '2022-04-20 11:58:33', NULL),
(142, 'MR', 'Mauritania', '2022-04-20 11:58:33', '2022-04-20 11:58:33', NULL),
(143, 'MU', 'Mauritius', '2022-04-20 11:58:33', '2022-04-20 11:58:33', NULL),
(144, 'YT', 'Mayotte', '2022-04-20 11:58:33', '2022-04-20 11:58:33', NULL),
(145, 'FX', 'Metropolitan France', '2022-04-20 11:58:33', '2022-04-20 11:58:33', NULL),
(146, 'MX', 'Mexico', '2022-04-20 11:58:33', '2022-04-20 11:58:33', NULL),
(147, 'FM', 'Micronesia', '2022-04-20 11:58:33', '2022-04-20 11:58:33', NULL),
(148, 'MI', 'Midway Islands', '2022-04-20 11:58:33', '2022-04-20 11:58:33', NULL),
(149, 'MD', 'Moldova', '2022-04-20 11:58:33', '2022-04-20 11:58:33', NULL),
(150, 'MC', 'Monaco', '2022-04-20 11:58:33', '2022-04-20 11:58:33', NULL),
(151, 'MN', 'Mongolia', '2022-04-20 11:58:33', '2022-04-20 11:58:33', NULL),
(152, 'ME', 'Montenegro', '2022-04-20 11:58:33', '2022-04-20 11:58:33', NULL),
(153, 'MS', 'Montserrat', '2022-04-20 11:58:33', '2022-04-20 11:58:33', NULL),
(154, 'MA', 'Morocco', '2022-04-20 11:58:33', '2022-04-20 11:58:33', NULL),
(155, 'MZ', 'Mozambique', '2022-04-20 11:58:33', '2022-04-20 11:58:33', NULL),
(156, 'MM', 'Myanmar [Burma]', '2022-04-20 11:58:33', '2022-04-20 11:58:33', NULL),
(157, 'NA', 'Namibia', '2022-04-20 11:58:33', '2022-04-20 11:58:33', NULL),
(158, 'NR', 'Nauru', '2022-04-20 11:58:33', '2022-04-20 11:58:33', NULL),
(159, 'NP', 'Nepal', '2022-04-20 11:58:33', '2022-04-20 11:58:33', NULL),
(160, 'NL', 'Netherlands', '2022-04-20 11:58:33', '2022-04-20 11:58:33', NULL),
(161, 'AN', 'Netherlands Antilles', '2022-04-20 11:58:33', '2022-04-20 11:58:33', NULL),
(162, 'NT', 'Neutral Zone', '2022-04-20 11:58:33', '2022-04-20 11:58:33', NULL),
(163, 'NC', 'New Caledonia', '2022-04-20 11:58:33', '2022-04-20 11:58:33', NULL),
(164, 'NZ', 'New Zealand', '2022-04-20 11:58:33', '2022-04-20 11:58:33', NULL),
(165, 'NI', 'Nicaragua', '2022-04-20 11:58:33', '2022-04-20 11:58:33', NULL),
(166, 'NE', 'Niger', '2022-04-20 11:58:33', '2022-04-20 11:58:33', NULL),
(167, 'NG', 'Nigeria', '2022-04-20 11:58:33', '2022-04-20 11:58:33', NULL),
(168, 'NU', 'Niue', '2022-04-20 11:58:33', '2022-04-20 11:58:33', NULL),
(169, 'NF', 'Norfolk Island', '2022-04-20 11:58:33', '2022-04-20 11:58:33', NULL),
(170, 'KP', 'North Korea', '2022-04-20 11:58:33', '2022-04-20 11:58:33', NULL),
(171, 'VD', 'North Vietnam', '2022-04-20 11:58:33', '2022-04-20 11:58:33', NULL),
(172, 'MP', 'Northern Mariana Islands', '2022-04-20 11:58:33', '2022-04-20 11:58:33', NULL),
(173, 'NO', 'Norway', '2022-04-20 11:58:33', '2022-04-20 11:58:33', NULL),
(174, 'OM', 'Oman', '2022-04-20 11:58:33', '2022-04-20 11:58:33', NULL),
(175, 'PC', 'Pacific Islands Trust Territory', '2022-04-20 11:58:33', '2022-04-20 11:58:33', NULL),
(176, 'PK', 'Pakistan', '2022-04-20 11:58:33', '2022-04-20 11:58:33', NULL),
(177, 'PW', 'Palau', '2022-04-20 11:58:33', '2022-04-20 11:58:33', NULL),
(178, 'PS', 'Palestinian Territories', '2022-04-20 11:58:33', '2022-04-20 11:58:33', NULL),
(179, 'PA', 'Panama', '2022-04-20 11:58:33', '2022-04-20 11:58:33', NULL),
(180, 'PZ', 'Panama Canal Zone', '2022-04-20 11:58:33', '2022-04-20 11:58:33', NULL),
(181, 'PG', 'Papua New Guinea', '2022-04-20 11:58:33', '2022-04-20 11:58:33', NULL),
(182, 'PY', 'Paraguay', '2022-04-20 11:58:33', '2022-04-20 11:58:33', NULL),
(183, 'YD', 'People\'s Democratic Republic of Yemen', '2022-04-20 11:58:33', '2022-04-20 11:58:33', NULL),
(184, 'PE', 'Peru', '2022-04-20 11:58:33', '2022-04-20 11:58:33', NULL),
(185, 'PH', 'Philippines', '2022-04-20 11:58:33', '2022-04-20 11:58:33', NULL),
(186, 'PN', 'Pitcairn Islands', '2022-04-20 11:58:33', '2022-04-20 11:58:33', NULL),
(187, 'PL', 'Poland', '2022-04-20 11:58:33', '2022-04-20 11:58:33', NULL),
(188, 'PT', 'Portugal', '2022-04-20 11:58:33', '2022-04-20 11:58:33', NULL),
(189, 'PR', 'Puerto Rico', '2022-04-20 11:58:33', '2022-04-20 11:58:33', NULL),
(190, 'QA', 'Qatar', '2022-04-20 11:58:33', '2022-04-20 11:58:33', NULL),
(191, 'RO', 'Romania', '2022-04-20 11:58:33', '2022-04-20 11:58:33', NULL),
(192, 'RU', 'Russia', '2022-04-20 11:58:33', '2022-04-20 11:58:33', NULL),
(193, 'RW', 'Rwanda', '2022-04-20 11:58:33', '2022-04-20 11:58:33', NULL),
(194, 'RE', 'Réunion', '2022-04-20 11:58:33', '2022-04-20 11:58:33', NULL),
(195, 'BL', 'Saint Barthélemy', '2022-04-20 11:58:33', '2022-04-20 11:58:33', NULL),
(196, 'SH', 'Saint Helena', '2022-04-20 11:58:33', '2022-04-20 11:58:33', NULL),
(197, 'KN', 'Saint Kitts and Nevis', '2022-04-20 11:58:33', '2022-04-20 11:58:33', NULL),
(198, 'LC', 'Saint Lucia', '2022-04-20 11:58:33', '2022-04-20 11:58:33', NULL),
(199, 'MF', 'Saint Martin', '2022-04-20 11:58:33', '2022-04-20 11:58:33', NULL),
(200, 'PM', 'Saint Pierre and Miquelon', '2022-04-20 11:58:33', '2022-04-20 11:58:33', NULL),
(201, 'VC', 'Saint Vincent and the Grenadines', '2022-04-20 11:58:33', '2022-04-20 11:58:33', NULL),
(202, 'WS', 'Samoa', '2022-04-20 11:58:33', '2022-04-20 11:58:33', NULL),
(203, 'SM', 'San Marino', '2022-04-20 11:58:33', '2022-04-20 11:58:33', NULL),
(204, 'SA', 'Saudi Arabia', '2022-04-20 11:58:33', '2022-04-20 11:58:33', NULL),
(205, 'SN', 'Senegal', '2022-04-20 11:58:33', '2022-04-20 11:58:33', NULL),
(206, 'RS', 'Serbia', '2022-04-20 11:58:33', '2022-04-20 11:58:33', NULL),
(207, 'CS', 'Serbia and Montenegro', '2022-04-20 11:58:33', '2022-04-20 11:58:33', NULL),
(208, 'SC', 'Seychelles', '2022-04-20 11:58:33', '2022-04-20 11:58:33', NULL),
(209, 'SL', 'Sierra Leone', '2022-04-20 11:58:33', '2022-04-20 11:58:33', NULL),
(210, 'SG', 'Singapore', '2022-04-20 11:58:33', '2022-04-20 11:58:33', NULL),
(211, 'SK', 'Slovakia', '2022-04-20 11:58:33', '2022-04-20 11:58:33', NULL),
(212, 'SI', 'Slovenia', '2022-04-20 11:58:33', '2022-04-20 11:58:33', NULL),
(213, 'SB', 'Solomon Islands', '2022-04-20 11:58:33', '2022-04-20 11:58:33', NULL),
(214, 'SO', 'Somalia', '2022-04-20 11:58:33', '2022-04-20 11:58:33', NULL),
(215, 'ZA', 'South Africa', '2022-04-20 11:58:33', '2022-04-20 11:58:33', NULL),
(216, 'GS', 'South Georgia and the South Sandwich Islands', '2022-04-20 11:58:33', '2022-04-20 11:58:33', NULL),
(217, 'KR', 'South Korea', '2022-04-20 11:58:33', '2022-04-20 11:58:33', NULL),
(218, 'ES', 'Spain', '2022-04-20 11:58:33', '2022-04-20 11:58:33', NULL),
(219, 'LK', 'Sri Lanka', '2022-04-20 11:58:33', '2022-04-20 11:58:33', NULL),
(220, 'SD', 'Sudan', '2022-04-20 11:58:33', '2022-04-20 11:58:33', NULL),
(221, 'SR', 'Suriname', '2022-04-20 11:58:33', '2022-04-20 11:58:33', NULL),
(222, 'SJ', 'Svalbard and Jan Mayen', '2022-04-20 11:58:33', '2022-04-20 11:58:33', NULL),
(223, 'SZ', 'Swaziland', '2022-04-20 11:58:33', '2022-04-20 11:58:33', NULL),
(224, 'SE', 'Sweden', '2022-04-20 11:58:33', '2022-04-20 11:58:33', NULL),
(225, 'CH', 'Switzerland', '2022-04-20 11:58:33', '2022-04-20 11:58:33', NULL),
(226, 'SY', 'Syria', '2022-04-20 11:58:33', '2022-04-20 11:58:33', NULL),
(227, 'ST', 'São Tomé and Príncipe', '2022-04-20 11:58:33', '2022-04-20 11:58:33', NULL),
(228, 'TW', 'Taiwan', '2022-04-20 11:58:33', '2022-04-20 11:58:33', NULL),
(229, 'TJ', 'Tajikistan', '2022-04-20 11:58:33', '2022-04-20 11:58:33', NULL),
(230, 'TZ', 'Tanzania', '2022-04-20 11:58:33', '2022-04-20 11:58:33', NULL),
(231, 'TH', 'Thailand', '2022-04-20 11:58:33', '2022-04-20 11:58:33', NULL),
(232, 'TL', 'Timor-Leste', '2022-04-20 11:58:33', '2022-04-20 11:58:33', NULL),
(233, 'TG', 'Togo', '2022-04-20 11:58:33', '2022-04-20 11:58:33', NULL),
(234, 'TK', 'Tokelau', '2022-04-20 11:58:33', '2022-04-20 11:58:33', NULL),
(235, 'TO', 'Tonga', '2022-04-20 11:58:33', '2022-04-20 11:58:33', NULL),
(236, 'TT', 'Trinidad and Tobago', '2022-04-20 11:58:33', '2022-04-20 11:58:33', NULL),
(237, 'TN', 'Tunisia', '2022-04-20 11:58:33', '2022-04-20 11:58:33', NULL),
(238, 'TR', 'Turkey', '2022-04-20 11:58:33', '2022-04-20 11:58:33', NULL),
(239, 'TM', 'Turkmenistan', '2022-04-20 11:58:33', '2022-04-20 11:58:33', NULL),
(240, 'TC', 'Turks and Caicos Islands', '2022-04-20 11:58:33', '2022-04-20 11:58:33', NULL),
(241, 'TV', 'Tuvalu', '2022-04-20 11:58:33', '2022-04-20 11:58:33', NULL),
(242, 'UM', 'U.S. Minor Outlying Islands', '2022-04-20 11:58:33', '2022-04-20 11:58:33', NULL),
(243, 'PU', 'U.S. Miscellaneous Pacific Islands', '2022-04-20 11:58:33', '2022-04-20 11:58:33', NULL),
(244, 'VI', 'U.S. Virgin Islands', '2022-04-20 11:58:33', '2022-04-20 11:58:33', NULL),
(245, 'UG', 'Uganda', '2022-04-20 11:58:33', '2022-04-20 11:58:33', NULL),
(246, 'UA', 'Ukraine', '2022-04-20 11:58:33', '2022-04-20 11:58:33', NULL),
(247, 'SU', 'Union of Soviet Socialist Republics', '2022-04-20 11:58:33', '2022-04-20 11:58:33', NULL),
(248, 'AE', 'United Arab Emirates', '2022-04-20 11:58:33', '2022-04-20 11:58:33', NULL),
(249, 'GB', 'United Kingdom', '2022-04-20 11:58:33', '2022-04-20 11:58:33', NULL),
(250, 'US', 'United States', '2022-04-20 11:58:33', '2022-04-20 11:58:33', NULL),
(251, 'ZZ', 'Unknown or Invalid Region', '2022-04-20 11:58:33', '2022-04-20 11:58:33', NULL),
(252, 'UY', 'Uruguay', '2022-04-20 11:58:33', '2022-04-20 11:58:33', NULL),
(253, 'UZ', 'Uzbekistan', '2022-04-20 11:58:33', '2022-04-20 11:58:33', NULL),
(254, 'VU', 'Vanuatu', '2022-04-20 11:58:33', '2022-04-20 11:58:33', NULL),
(255, 'VA', 'Vatican City', '2022-04-20 11:58:33', '2022-04-20 11:58:33', NULL),
(256, 'VE', 'Venezuela', '2022-04-20 11:58:33', '2022-04-20 11:58:33', NULL),
(257, 'VN', 'Vietnam', '2022-04-20 11:58:33', '2022-04-20 11:58:33', NULL),
(258, 'WK', 'Wake Island', '2022-04-20 11:58:33', '2022-04-20 11:58:33', NULL),
(259, 'WF', 'Wallis and Futuna', '2022-04-20 11:58:33', '2022-04-20 11:58:33', NULL),
(260, 'EH', 'Western Sahara', '2022-04-20 11:58:33', '2022-04-20 11:58:33', NULL),
(261, 'YE', 'Yemen', '2022-04-20 11:58:33', '2022-04-20 11:58:33', NULL),
(262, 'ZM', 'Zambia', '2022-04-20 11:58:33', '2022-04-20 11:58:33', NULL),
(263, 'ZW', 'Zimbabwe', '2022-04-20 11:58:33', '2022-04-20 11:58:33', NULL),
(264, 'AX', 'Åland Islands', '2022-04-20 11:58:33', '2022-04-20 11:58:33', NULL);

-- --------------------------------------------------------

--
-- Table structure for table `customers`
--

CREATE TABLE `customers` (
  `id` int(10) UNSIGNED NOT NULL,
  `first_name` varchar(191) COLLATE utf8mb4_unicode_ci NOT NULL,
  `last_name` varchar(191) COLLATE utf8mb4_unicode_ci NOT NULL,
  `address` varchar(191) COLLATE utf8mb4_unicode_ci DEFAULT NULL,
  `phone` varchar(191) COLLATE utf8mb4_unicode_ci DEFAULT NULL,
  `email` varchar(191) COLLATE utf8mb4_unicode_ci NOT NULL,
  `created_at` timestamp NULL DEFAULT NULL,
  `updated_at` timestamp NULL DEFAULT NULL,
  `deleted_at` timestamp NULL DEFAULT NULL,
  `country_id` int(10) UNSIGNED DEFAULT NULL
) ENGINE=InnoDB DEFAULT CHARSET=utf8mb4 COLLATE=utf8mb4_unicode_ci;

--
-- Dumping data for table `customers`
--

INSERT INTO `customers` (`id`, `first_name`, `last_name`, `address`, `phone`, `email`, `created_at`, `updated_at`, `deleted_at`, `country_id`) VALUES
(24, 'Rushan', 'Jayasundara', 'B 34/1, Yataththawala, Imbulgasdeniya', '+94719505180', 'rushanthasindu10@gmail.com', '2022-04-26 13:54:34', '2022-04-26 13:54:34', NULL, 219),
(25, 'Rushan', 'Jayasundara', 'B 34/1, Yataththawala, Imbulgasdeniya', '+94719505180', 'rushanthasindu10@gmail.com', '2022-04-26 13:54:58', '2022-04-26 13:54:58', NULL, 219),
(26, 'Rushan', 'Jayasundara', 'B 34/1, Yataththawala, Imbulgasdeniya', '+94719505180', 'rushanthasindu10@gmail.com', '2022-04-26 13:55:40', '2022-04-26 13:55:40', NULL, 219),
(27, 'Rushan', 'Jayasundara', 'B 34/1, Yataththawala, Imbulgasdeniya', '+94719505180', 'rushanthasindu10@gmail.com', '2022-04-26 13:55:57', '2022-04-26 13:55:57', NULL, 219),
(28, 'Rushan', 'Jayasundara', 'B 34/1, Yataththawala, Imbulgasdeniya', '+94719505180', 'rushanthasindu10@gmail.com', '2022-04-26 13:57:39', '2022-04-26 13:57:39', NULL, 219),
(29, 'Rushan', 'Jayasundara', 'B 34/1, Yataththawala, Imbulgasdeniya', '+94719505180', 'rushanthasindu10@gmail.com', '2022-04-26 14:15:44', '2022-04-26 14:15:44', NULL, 219),
(30, 'Rushan', 'Jayasundara', 'B 34/1, Yataththawala, Imbulgasdeniya', '+94719505180', 'rushanthasindu10@gmail.com', '2022-04-26 14:16:20', '2022-04-26 14:16:20', NULL, 219),
(31, 'Rushan', 'Jayasundara', 'B 34/1, Yataththawala, Imbulgasdeniya', '+94719505180', 'rushanthasindu10@gmail.com', '2022-04-26 14:16:37', '2022-04-26 14:16:37', NULL, 219),
(32, 'Rushan', 'Jayasundara', 'B 34/1, Yataththawala, Imbulgasdeniya', '+94719505180', 'rushanthasindu10@gmail.com', '2022-04-26 14:17:45', '2022-04-26 14:17:45', NULL, 219),
(33, 'Rushan', 'Jayasundara', 'B 34/1, Yataththawala, Imbulgasdeniya', '+94719505180', 'rushanthasindu10@gmail.com', '2022-04-26 14:17:56', '2022-04-26 14:17:56', NULL, 219),
(34, 'Rushan', 'Jayasundara', 'B 34/1, Yataththawala, Imbulgasdeniya', '+94719505180', 'rushanthasindu10@gmail.com', '2022-05-10 06:40:22', '2022-05-10 06:40:22', NULL, 219),
(35, 'Rushan', 'Jayasundara', 'B 34/1, Yataththawala, Imbulgasdeniya', '+94719505180', 'rushanthasindu10@gmail.com', '2022-05-10 07:49:51', '2022-05-10 07:49:51', NULL, 219),
(36, 'Rushan', 'Jayasundara', 'B 34/1, Yataththawala, Imbulgasdeniya', '+94719505180', 'rushanthasindu10@gmail.com', '2022-05-10 07:55:50', '2022-05-10 07:55:50', NULL, 219),
(37, 'Rushan', 'Jayasundara', 'B 34/1, Yataththawala, Imbulgasdeniya', '+94719505180', 'rushanthasindu10@gmail.com', '2022-05-10 09:57:07', '2022-05-10 09:57:07', NULL, 219),
(38, 'Rushan', 'Jayasundara', 'B 34/1, Yataththawala, Imbulgasdeniya', '+94719505180', 'rushanthasindu10@gmail.com', '2022-05-10 09:57:34', '2022-05-10 09:57:34', NULL, 219),
(39, 'Rushan', 'Jayasundara', 'B 34/1, Yataththawala, Imbulgasdeniya', '+94719505180', 'rushanthasindu10@gmail.com', '2022-05-10 10:02:09', '2022-05-10 10:02:09', NULL, 219),
(40, 'Rushan', 'Jayasundara', 'B 34/1, Yataththawala, Imbulgasdeniya', '+94719505180', 'rushanthasindu10@gmail.com', '2022-05-10 10:02:16', '2022-05-10 10:02:16', NULL, 219),
(41, 'Rushan', 'Jayasundara', 'B 34/1, Yataththawala, Imbulgasdeniya', '+94719505180', 'rushanthasindu10@gmail.com', '2022-05-10 10:03:11', '2022-05-10 10:03:11', NULL, 219),
(42, 'Rushan', 'Jayasundara', 'B 34/1, Yataththawala, Imbulgasdeniya', '+94719505180', 'rushanthasindu10@gmail.com', '2022-05-10 10:05:47', '2022-05-10 10:05:47', NULL, 219),
(43, 'Rushan', 'Jayasundara', 'B 34/1, Yataththawala, Imbulgasdeniya', '+94719505180', 'rushanthasindu10@gmail.com', '2022-05-10 10:06:08', '2022-05-10 10:06:08', NULL, 219),
(44, 'Rushan', 'Jayasundara', 'B 34/1, Yataththawala, Imbulgasdeniya', '+94719505180', 'rushanthasindu10@gmail.com', '2022-05-10 10:06:17', '2022-05-10 10:06:17', NULL, 219),
(45, 'Rushan', 'Jayasundara', 'B 34/1, Yataththawala, Imbulgasdeniya', '+94719505180', 'rushanthasindu10@gmail.com', '2022-05-10 10:06:48', '2022-05-10 10:06:48', NULL, 219),
(46, 'Rushan', 'Jayasundara', 'B 34/1, Yataththawala, Imbulgasdeniya', '+94719505180', 'rushanthasindu10@gmail.com', '2022-05-10 10:07:00', '2022-05-10 10:07:00', NULL, 219),
(47, 'Rushan', 'Jayasundara', 'B 34/1, Yataththawala, Imbulgasdeniya', '+94719505180', 'rushanthasindu10@gmail.com', '2022-05-10 10:07:10', '2022-05-10 10:07:10', NULL, 219),
(48, 'Rushan', 'Jayasundara', 'B 34/1, Yataththawala, Imbulgasdeniya', '+94719505180', 'rushanthasindu10@gmail.com', '2022-05-10 10:07:22', '2022-05-10 10:07:22', NULL, 219),
(49, 'Rushan', 'Jayasundara', 'B 34/1, Yataththawala, Imbulgasdeniya', '+94719505180', 'rushanthasindu10@gmail.com', '2022-05-10 10:07:42', '2022-05-10 10:07:42', NULL, 219),
(50, 'Rushan', 'Jayasundara', 'B 34/1, Yataththawala, Imbulgasdeniya', '+94719505180', 'rushanthasindu10@gmail.com', '2022-05-10 10:08:12', '2022-05-10 10:08:12', NULL, 219),
(51, 'Rushan', 'Jayasundara', 'B 34/1, Yataththawala, Imbulgasdeniya', '+94719505180', 'rushanthasindu10@gmail.com', '2022-05-10 10:08:32', '2022-05-10 10:08:32', NULL, 219),
(52, 'Rushan', 'Jayasundara', 'B 34/1, Yataththawala, Imbulgasdeniya', '+94719505180', 'rushanthasindu10@gmail.com', '2022-05-10 10:08:56', '2022-05-10 10:08:56', NULL, 219),
(53, 'Rushan', 'Jayasundara', 'B 34/1, Yataththawala, Imbulgasdeniya', '+94719505180', 'rushanthasindu10@gmail.com', '2022-05-10 10:09:04', '2022-05-10 10:09:04', NULL, 219),
(54, 'Rushan', 'Jayasundara', 'B 34/1, Yataththawala, Imbulgasdeniya', '+94719505180', 'rushanthasindu10@gmail.com', '2022-05-10 10:09:13', '2022-05-10 10:09:13', NULL, 219),
(55, 'Rushan', 'Jayasundara', 'B 34/1, Yataththawala, Imbulgasdeniya', '+94719505180', 'rushanthasindu10@gmail.com', '2022-05-10 10:09:24', '2022-05-10 10:09:24', NULL, 219),
(56, 'Rushan', 'Jayasundara', 'B 34/1, Yataththawala, Imbulgasdeniya', '+94719505180', 'rushanthasindu10@gmail.com', '2022-05-10 10:09:35', '2022-05-10 10:09:35', NULL, 219),
(57, 'Rushan', 'Jayasundara', 'B 34/1, Yataththawala, Imbulgasdeniya', '+94719505180', 'rushanthasindu10@gmail.com', '2022-05-10 10:10:13', '2022-05-10 10:10:13', NULL, 219),
(58, 'Rushan', 'Jayasundara', 'B 34/1, Yataththawala, Imbulgasdeniya', '+94719505180', 'rushanthasindu10@gmail.com', '2022-05-10 10:10:55', '2022-05-10 10:10:55', NULL, 219),
(59, 'Rushan', 'Jayasundara', 'B 34/1, Yataththawala, Imbulgasdeniya', '+94719505180', 'rushanthasindu10@gmail.com', '2022-05-10 10:11:14', '2022-05-10 10:11:14', NULL, 219),
(60, 'Rushan', 'Jayasundara', 'B 34/1, Yataththawala, Imbulgasdeniya', '+94719505180', 'rushanthasindu10@gmail.com', '2022-05-10 10:11:24', '2022-05-10 10:11:24', NULL, 219),
(61, 'Rushan', 'Jayasundara', 'B 34/1, Yataththawala, Imbulgasdeniya', '+94719505180', 'rushanthasindu10@gmail.com', '2022-05-10 10:11:31', '2022-05-10 10:11:31', NULL, 219),
(62, 'Rushan', 'Jayasundara', 'B 34/1, Yataththawala, Imbulgasdeniya', '+94719505180', 'rushanthasindu10@gmail.com', '2022-05-10 10:11:39', '2022-05-10 10:11:39', NULL, 219),
(63, 'Rushan', 'Jayasundara', 'B 34/1, Yataththawala, Imbulgasdeniya', '+94719505180', 'rushanthasindu10@gmail.com', '2022-05-10 10:11:48', '2022-05-10 10:11:48', NULL, 219),
(64, 'Rushan', 'Jayasundara', 'B 34/1, Yataththawala, Imbulgasdeniya', '+94719505180', 'rushanthasindu10@gmail.com', '2022-05-10 10:12:23', '2022-05-10 10:12:23', NULL, 219),
(65, 'Rushan', 'Jayasundara', 'B 34/1, Yataththawala, Imbulgasdeniya', '+94719505180', 'rushanthasindu10@gmail.com', '2022-05-10 10:12:32', '2022-05-10 10:12:32', NULL, 219),
(66, 'Rushan', 'Jayasundara', 'B 34/1, Yataththawala, Imbulgasdeniya', '+94719505180', 'rushanthasindu10@gmail.com', '2022-05-10 10:12:53', '2022-05-10 10:12:53', NULL, 219),
(67, 'Rushan', 'Jayasundara', 'B 34/1, Yataththawala, Imbulgasdeniya', '+94719505180', 'rushanthasindu10@gmail.com', '2022-05-10 10:13:33', '2022-05-10 10:13:33', NULL, 219),
(68, 'Rushan', 'Jayasundara', 'B 34/1, Yataththawala, Imbulgasdeniya', '+94719505180', 'rushanthasindu10@gmail.com', '2022-05-10 10:13:42', '2022-05-10 10:13:42', NULL, 219),
(69, 'Rushan', 'Jayasundara', 'B 34/1, Yataththawala, Imbulgasdeniya', '+94719505180', 'rushanthasindu10@gmail.com', '2022-05-10 10:13:54', '2022-05-10 10:13:54', NULL, 219),
(70, 'Rushan', 'Jayasundara', 'B 34/1, Yataththawala, Imbulgasdeniya', '+94719505180', 'rushanthasindu10@gmail.com', '2022-05-10 10:14:20', '2022-05-10 10:14:20', NULL, 219),
(71, 'Rushan', 'Jayasundara', 'B 34/1, Yataththawala, Imbulgasdeniya', '+94719505180', 'rushanthasindu10@gmail.com', '2022-05-10 10:54:29', '2022-05-10 10:54:29', NULL, 219),
(72, 'Rushan', 'Jayasundara', 'B 34/1, Yataththawala, Imbulgasdeniya', '+94719505180', 'rushanthasindu10@gmail.com', '2022-05-10 10:57:03', '2022-05-10 10:57:03', NULL, 219),
(73, 'Rushan', 'Jayasundara', 'B 34/1, Yataththawala, Imbulgasdeniya', '+94719505180', 'rushanthasindu10@gmail.com', '2022-05-10 10:59:22', '2022-05-10 10:59:22', NULL, 219),
(74, 'Rushan', 'Jayasundara', 'B 34/1, Yataththawala, Imbulgasdeniya', '+94719505180', 'rushanthasindu10@gmail.com', '2022-05-10 11:11:05', '2022-05-10 11:11:05', NULL, 219),
(75, 'Rushan', 'Jayasundara', 'B 34/1, Yataththawala, Imbulgasdeniya', '+94719505180', 'rushanthasindu10@gmail.com', '2022-05-10 11:44:13', '2022-05-10 11:44:13', NULL, 219);

-- --------------------------------------------------------

--
-- Table structure for table `migrations`
--

CREATE TABLE `migrations` (
  `id` int(10) UNSIGNED NOT NULL,
  `migration` varchar(191) COLLATE utf8mb4_unicode_ci NOT NULL,
  `batch` int(11) NOT NULL
) ENGINE=InnoDB DEFAULT CHARSET=utf8mb4 COLLATE=utf8mb4_unicode_ci;

--
-- Dumping data for table `migrations`
--

INSERT INTO `migrations` (`id`, `migration`, `batch`) VALUES
(1, '2014_10_12_100000_create_password_resets_table', 1),
(2, '2018_01_23_191448_create_1516727688_roles_table', 1),
(3, '2018_01_23_191453_create_1516727692_users_table', 1),
(4, '2018_01_23_191454_add_5a676d8f84952_relationships_to_user_table', 1),
(5, '2018_01_23_191536_create_1516727736_countries_table', 1),
(6, '2018_01_23_192021_create_1516728020_customers_table', 1),
(7, '2018_01_23_192022_add_5a676ed766f5b_relationships_to_customer_table', 1),
(8, '2018_01_23_192145_create_1516728105_rooms_table', 1),
(9, '2018_01_23_192345_create_1516728224_bookings_table', 1),
(10, '2018_01_23_192346_add_5a676fa3e3cd8_relationships_to_booking_table', 1),
(11, '2018_01_23_192755_add_5a67709b89c38_relationships_to_booking_table', 1),
(12, '2018_01_23_192910_add_5a6770e6b5767_relationships_to_customer_table', 1),
(13, '2019_05_11_143908_create_categories_table', 1),
(14, '2019_05_11_144019_add_category_rooms', 1);

-- --------------------------------------------------------

--
-- Table structure for table `password_resets`
--

CREATE TABLE `password_resets` (
  `email` varchar(191) COLLATE utf8mb4_unicode_ci NOT NULL,
  `token` varchar(191) COLLATE utf8mb4_unicode_ci NOT NULL,
  `created_at` timestamp NULL DEFAULT NULL
) ENGINE=InnoDB DEFAULT CHARSET=utf8mb4 COLLATE=utf8mb4_unicode_ci;

-- --------------------------------------------------------

--
-- Table structure for table `roles`
--

CREATE TABLE `roles` (
  `id` int(10) UNSIGNED NOT NULL,
  `title` varchar(191) COLLATE utf8mb4_unicode_ci NOT NULL,
  `created_at` timestamp NULL DEFAULT NULL,
  `updated_at` timestamp NULL DEFAULT NULL
) ENGINE=InnoDB DEFAULT CHARSET=utf8mb4 COLLATE=utf8mb4_unicode_ci;

--
-- Dumping data for table `roles`
--

INSERT INTO `roles` (`id`, `title`, `created_at`, `updated_at`) VALUES
(1, 'Administrator (can create other users)', '2022-04-20 11:58:33', '2022-04-20 11:58:33'),
(2, 'Simple user', '2022-04-20 11:58:33', '2022-04-20 11:58:33');

-- --------------------------------------------------------

--
-- Table structure for table `rooms`
--

CREATE TABLE `rooms` (
  `id` int(10) UNSIGNED NOT NULL,
  `room_number` varchar(191) COLLATE utf8mb4_unicode_ci NOT NULL,
  `floor` int(11) DEFAULT NULL,
  `image` varchar(191) COLLATE utf8mb4_unicode_ci NOT NULL,
  `price` varchar(191) COLLATE utf8mb4_unicode_ci NOT NULL,
  `guestCount` int(11) NOT NULL,
  `cardId` varchar(191) COLLATE utf8mb4_unicode_ci NOT NULL,
  `description` text COLLATE utf8mb4_unicode_ci DEFAULT NULL,
  `created_at` timestamp NULL DEFAULT NULL,
  `updated_at` timestamp NULL DEFAULT NULL,
  `deleted_at` timestamp NULL DEFAULT NULL,
  `category_id` int(10) UNSIGNED DEFAULT NULL
) ENGINE=InnoDB DEFAULT CHARSET=utf8mb4 COLLATE=utf8mb4_unicode_ci;

--
-- Dumping data for table `rooms`
--

INSERT INTO `rooms` (`id`, `room_number`, `floor`, `image`, `price`, `guestCount`, `cardId`, `description`, `created_at`, `updated_at`, `deleted_at`, `category_id`) VALUES
(1, '001', 3, 'ed', '888', 2, '11', 'fgd', '2022-04-20 12:12:08', '2022-05-10 11:33:33', NULL, 1),
(16, '001', 2, 'images/FQbAF2r6uVnkv5MxkQm1muk9GdfSAxxYbzyWcq9q.jpeg', '2.00', 2, '11', 'What is Lorem Ipsum?\r\n\r\nLorem Ipsum is simply dummy text of the printing and typesetting industry. Lorem Ipsum has been the industry\'s standard dummy text ever since the 1500s, \r\nwhen an unknown printer took a galley of type and scrambled it to make a type specimen book. It has survived not only five centuries, but also the leap into \r\nelectronic typesetting, remaining essentially unchanged. It was popularised in the 1960s with the release of Letraset sheets containing Lorem Ipsum passages, \r\nand more recently with desktop publishing software like Aldus PageMaker including versions of Lorem Ipsum.\r\n\r\n\r\n\r\n\r\nWhy do we use it?\r\n\r\nIt is a long established fact that a reader will be distracted by the readable content of a page when looking at its layout. The point of using Lorem Ipsum is that it has a more-or-less normal distribution of letters, as opposed to using \'Content here, content here\', making it look like readable English. Many desktop publishing packages and web page editors now use Lorem Ipsum as their default model text, and a search for \'lorem ipsum\' will uncover many web sites still in their infancy. Various versions have evolved over the years, sometimes by accident, sometimes on purpose (injected humour and the like).\r\n\r\n\r\nWhere does it come from?\r\nContrary to popular belief, Lorem Ipsum is not simply random text. It has roots in a piece of classical Latin literature from 45 BC, making it over 2000 years old. Richard McClintock, a Latin professor at Hampden-Sydney College in Virginia, looked up one of the more obscure Latin words, consectetur, from a Lorem Ipsum passage, and going through the cites of the word in classical literature, discovered the undoubtable source. Lorem Ipsum comes from sections 1.10.32 and 1.10.33 of \"de Finibus Bonorum et Malorum\" (The Extremes of Good and Evil) by Cicero, written in 45 BC. This book is a treatise on the theory of ethics, very popular during the Renaissance. The first line of Lorem Ipsum, \"Lorem ipsum dolor sit amet..\", comes from a line in section 1.10.32.\r\n\r\nThe standard chunk of Lorem Ipsum used since the 1500s is reproduced below for those interested. Sections 1.10.32 and 1.10.33 from \"de Finibus Bonorum et Malorum\" by Cicero are also reproduced in their exact original form, accompanied by English versions from the 1914 translation by H. Rackham.', '2022-04-20 12:50:04', '2022-05-10 11:22:52', NULL, 1),
(17, '001', 2, 'images/pca0nViExa761ufnLKgRa8GV33I4bCgqazGWwscV.png', '150', 3, '1111', 'fvxscfvxc', '2022-04-23 01:25:43', '2022-04-23 01:25:43', NULL, 2),
(18, '001', 3, 'images/fUr58W8kzob3JufkZqPWFqag1nlWwUxnSJsoLt2e.jpeg', '150', 3, '434343', 'edsf', '2022-04-24 07:52:53', '2022-04-24 07:52:53', NULL, 3),
(19, '001', 3, 'images/3A4GTuYYGn7TccYGDyAszKNZUQsBjgJPV8E8D98F.jpeg', '150', 3, '434343', 'What is Lorem Ipsum?\nLorem Ipsum is simply dummy text of the printing and typesetting industry. Lorem Ipsum has been the industry\'s standard dummy text ever since the 1500s, when an unknown printer took a galley of type and scrambled it to make a type specimen book. It has survived not only five centuries, but also the leap into electronic typesetting, remaining essentially unchanged. It was popularised in the 1960s with the release of Letraset sheets containing Lorem Ipsum passages, and more recently with desktop publishing software like Aldus PageMaker including versions of Lorem Ipsum.\n\nWhy do we use it?\nIt is a long established fact that a reader will be distracted by the readable content of a page when looking at its layout. The point of using Lorem Ipsum is that it has a more-or-less normal distribution of letters, as opposed to using \'Content here, content here\', making it look like readable English. Many desktop publishing packages and web page editors now use Lorem Ipsum as their default model text, and a search for \'lorem ipsum\' will uncover many web sites still in their infancy. Various versions have evolved over the years, sometimes by accident, sometimes on purpose (injected humour and the like).\n\n\nWhere does it come from?\nContrary to popular belief, Lorem Ipsum is not simply random text. It has roots in a piece of classical Latin literature from 45 BC, making it over 2000 years old. Richard McClintock, a Latin professor at Hampden-Sydney College in Virginia, looked up one of the more obscure Latin words, consectetur, from a Lorem Ipsum passage, and going through the cites of the word in classical literature, discovered the undoubtable source. Lorem Ipsum comes from sections 1.10.32 and 1.10.33 of \"de Finibus Bonorum et Malorum\" (The Extremes of Good and Evil) by Cicero, written in 45 BC. This book is a treatise on the theory of ethics, very popular during the Renaissance. The first line of Lorem Ipsum, \"Lorem ipsum dolor sit amet..\", comes from a line in section 1.10.32.\n\nThe standard chunk of Lorem Ipsum used since the 1500s is reproduced below for those interested. Sections 1.10.32 and 1.10.33 from \"de Finibus Bonorum et Malorum\" by Cicero are also reproduced in their exact original form, accompanied by English versions from the 1914 translation by H. Rackham.', '2022-04-24 07:53:07', '2022-04-24 07:53:14', '2022-04-24 07:53:14', 3);

-- --------------------------------------------------------

--
-- Table structure for table `users`
--

CREATE TABLE `users` (
  `id` int(10) UNSIGNED NOT NULL,
  `name` varchar(191) COLLATE utf8mb4_unicode_ci NOT NULL,
  `email` varchar(191) COLLATE utf8mb4_unicode_ci NOT NULL,
  `password` varchar(191) COLLATE utf8mb4_unicode_ci NOT NULL,
  `remember_token` varchar(191) COLLATE utf8mb4_unicode_ci DEFAULT NULL,
  `created_at` timestamp NULL DEFAULT NULL,
  `updated_at` timestamp NULL DEFAULT NULL,
  `role_id` int(10) UNSIGNED DEFAULT NULL
) ENGINE=InnoDB DEFAULT CHARSET=utf8mb4 COLLATE=utf8mb4_unicode_ci;

--
-- Dumping data for table `users`
--

INSERT INTO `users` (`id`, `name`, `email`, `password`, `remember_token`, `created_at`, `updated_at`, `role_id`) VALUES
(1, 'Admin', 'admin@admin.com', '$2y$10$akHCvTRpvma2eB8VOqUEoOtpWEelS2/e2TZK3LJyfLxuvw8MrQxVq', '', '2022-04-20 11:58:33', '2022-04-20 11:58:33', 1),
(2, 'Rushan Thasindu Jayasundara', 'rushanthasindu10@gmail.com', '$2y$10$SkXYSlytqSsa9.GQUZt1TuDKpY537drN234IYE/z97D1syIPU6nhG', NULL, '2022-04-20 11:59:03', '2022-04-20 11:59:03', 2);

--
-- Indexes for dumped tables
--

--
-- Indexes for table `bookings`
--
ALTER TABLE `bookings`
  ADD PRIMARY KEY (`id`),
  ADD KEY `bookings_deleted_at_index` (`deleted_at`),
  ADD KEY `110461_5a676fa2321c7` (`customer_id`),
  ADD KEY `110461_5a676fa239ffd` (`room_id`);

--
-- Indexes for table `categories`
--
ALTER TABLE `categories`
  ADD PRIMARY KEY (`id`);

--
-- Indexes for table `countries`
--
ALTER TABLE `countries`
  ADD PRIMARY KEY (`id`),
  ADD KEY `countries_deleted_at_index` (`deleted_at`);

--
-- Indexes for table `customers`
--
ALTER TABLE `customers`
  ADD PRIMARY KEY (`id`),
  ADD KEY `customers_deleted_at_index` (`deleted_at`),
  ADD KEY `110459_5a676ed5d9792` (`country_id`);

--
-- Indexes for table `migrations`
--
ALTER TABLE `migrations`
  ADD PRIMARY KEY (`id`);

--
-- Indexes for table `password_resets`
--
ALTER TABLE `password_resets`
  ADD KEY `password_resets_email_index` (`email`);

--
-- Indexes for table `roles`
--
ALTER TABLE `roles`
  ADD PRIMARY KEY (`id`);

--
-- Indexes for table `rooms`
--
ALTER TABLE `rooms`
  ADD PRIMARY KEY (`id`),
  ADD KEY `rooms_deleted_at_index` (`deleted_at`),
  ADD KEY `rooms_category_id_foreign` (`category_id`);

--
-- Indexes for table `users`
--
ALTER TABLE `users`
  ADD PRIMARY KEY (`id`),
  ADD KEY `110457_5a676d8ddf4c7` (`role_id`);

--
-- AUTO_INCREMENT for dumped tables
--

--
-- AUTO_INCREMENT for table `bookings`
--
ALTER TABLE `bookings`
  MODIFY `id` int(10) UNSIGNED NOT NULL AUTO_INCREMENT, AUTO_INCREMENT=59;

--
-- AUTO_INCREMENT for table `categories`
--
ALTER TABLE `categories`
  MODIFY `id` int(10) UNSIGNED NOT NULL AUTO_INCREMENT, AUTO_INCREMENT=10;

--
-- AUTO_INCREMENT for table `countries`
--
ALTER TABLE `countries`
  MODIFY `id` int(10) UNSIGNED NOT NULL AUTO_INCREMENT, AUTO_INCREMENT=265;

--
-- AUTO_INCREMENT for table `customers`
--
ALTER TABLE `customers`
  MODIFY `id` int(10) UNSIGNED NOT NULL AUTO_INCREMENT, AUTO_INCREMENT=76;

--
-- AUTO_INCREMENT for table `migrations`
--
ALTER TABLE `migrations`
  MODIFY `id` int(10) UNSIGNED NOT NULL AUTO_INCREMENT, AUTO_INCREMENT=15;

--
-- AUTO_INCREMENT for table `roles`
--
ALTER TABLE `roles`
  MODIFY `id` int(10) UNSIGNED NOT NULL AUTO_INCREMENT, AUTO_INCREMENT=3;

--
-- AUTO_INCREMENT for table `rooms`
--
ALTER TABLE `rooms`
  MODIFY `id` int(10) UNSIGNED NOT NULL AUTO_INCREMENT, AUTO_INCREMENT=20;

--
-- AUTO_INCREMENT for table `users`
--
ALTER TABLE `users`
  MODIFY `id` int(10) UNSIGNED NOT NULL AUTO_INCREMENT, AUTO_INCREMENT=3;

--
-- Constraints for dumped tables
--

--
-- Constraints for table `bookings`
--
ALTER TABLE `bookings`
  ADD CONSTRAINT `110461_5a676fa2321c7` FOREIGN KEY (`customer_id`) REFERENCES `customers` (`id`) ON DELETE CASCADE,
  ADD CONSTRAINT `110461_5a676fa239ffd` FOREIGN KEY (`room_id`) REFERENCES `rooms` (`id`) ON DELETE CASCADE;

--
-- Constraints for table `customers`
--
ALTER TABLE `customers`
  ADD CONSTRAINT `110459_5a676ed5d9792` FOREIGN KEY (`country_id`) REFERENCES `countries` (`id`) ON DELETE CASCADE;

--
-- Constraints for table `rooms`
--
ALTER TABLE `rooms`
  ADD CONSTRAINT `rooms_category_id_foreign` FOREIGN KEY (`category_id`) REFERENCES `categories` (`id`);

--
-- Constraints for table `users`
--
ALTER TABLE `users`
  ADD CONSTRAINT `110457_5a676d8ddf4c7` FOREIGN KEY (`role_id`) REFERENCES `roles` (`id`) ON DELETE CASCADE;
COMMIT;

/*!40101 SET CHARACTER_SET_CLIENT=@OLD_CHARACTER_SET_CLIENT */;
/*!40101 SET CHARACTER_SET_RESULTS=@OLD_CHARACTER_SET_RESULTS */;
/*!40101 SET COLLATION_CONNECTION=@OLD_COLLATION_CONNECTION */;
