-- phpMyAdmin SQL Dump
-- version 5.1.3
-- https://www.phpmyadmin.net/
--
-- Host: 127.0.0.1
-- Generation Time: Oct 03, 2022 at 08:18 AM
-- Server version: 10.4.24-MariaDB
-- PHP Version: 7.4.28

SET SQL_MODE = "NO_AUTO_VALUE_ON_ZERO";
START TRANSACTION;
SET time_zone = "+00:00";


/*!40101 SET @OLD_CHARACTER_SET_CLIENT=@@CHARACTER_SET_CLIENT */;
/*!40101 SET @OLD_CHARACTER_SET_RESULTS=@@CHARACTER_SET_RESULTS */;
/*!40101 SET @OLD_COLLATION_CONNECTION=@@COLLATION_CONNECTION */;
/*!40101 SET NAMES utf8mb4 */;

--
-- Database: `hotel_assest`
--

-- --------------------------------------------------------

--
-- Table structure for table `bookings`
--

CREATE TABLE `bookings` (
  `id` int(10) UNSIGNED NOT NULL,
  `time_from` datetime DEFAULT NULL,
  `time_to` datetime DEFAULT NULL,
  `additional_information` text COLLATE utf8mb4_unicode_ci DEFAULT NULL,
  `created_at` timestamp NULL DEFAULT NULL,
  `updated_at` timestamp NULL DEFAULT NULL,
  `deleted_at` timestamp NULL DEFAULT NULL,
  `customer_id` int(10) UNSIGNED DEFAULT NULL,
  `room_id` int(10) UNSIGNED DEFAULT NULL
) ENGINE=InnoDB DEFAULT CHARSET=utf8mb4 COLLATE=utf8mb4_unicode_ci;

--
-- Dumping data for table `bookings`
--

INSERT INTO `bookings` (`id`, `time_from`, `time_to`, `additional_information`, `created_at`, `updated_at`, `deleted_at`, `customer_id`, `room_id`) VALUES
(7, '2022-04-13 00:00:00', '2022-04-29 00:00:00', 'fghdftd', '2022-04-26 08:24:34', '2022-04-26 08:24:34', NULL, 24, 16),
(8, '2022-04-13 00:00:00', '2022-04-29 00:00:00', 'fghdftd', '2022-04-26 08:24:58', '2022-04-26 08:24:58', NULL, 25, 16),
(9, '2022-04-13 00:00:00', '2022-04-29 00:00:00', 'fghdftd', '2022-04-26 08:25:40', '2022-04-26 08:25:40', NULL, 26, 16),
(10, '2022-04-13 00:00:00', '2022-04-29 00:00:00', 'fghdftd', '2022-04-26 08:25:57', '2022-04-26 08:25:57', NULL, 27, 16),
(11, '2022-04-13 00:00:00', '2022-04-29 00:00:00', 'fghdftd', '2022-04-26 08:27:39', '2022-04-26 08:27:39', NULL, 28, 16),
(12, '2022-04-13 00:00:00', '2022-04-29 00:00:00', 'fghdftd', '2022-04-26 08:45:44', '2022-05-12 02:07:43', '2022-05-12 02:07:43', 29, 16),
(13, '2022-04-13 00:00:00', '2022-04-29 00:00:00', 'fghdftd', '2022-04-26 08:46:20', '2022-05-12 02:07:43', '2022-05-12 02:07:43', 30, 16),
(14, '2022-04-13 00:00:00', '2022-04-29 00:00:00', 'fghdftd', '2022-04-26 08:46:37', '2022-05-12 02:07:43', '2022-05-12 02:07:43', 31, 16),
(15, '2022-04-13 00:00:00', '2022-04-29 00:00:00', 'fghdftd', '2022-04-26 08:47:45', '2022-05-12 02:08:06', NULL, 28, 16),
(16, '2022-04-13 00:00:00', '2022-04-29 00:00:00', 'fghdftd', '2022-04-26 08:47:56', '2022-04-29 05:07:54', '2022-04-29 05:07:54', 33, 16),
(17, '2022-04-29 15:00:00', '2022-04-30 10:30:00', 'jfchgfgfhthruydtetyutftghbgsdfsedaretyerfsdvcnghjfgdfx', '2022-04-29 05:06:10', '2022-04-29 14:10:11', '2022-04-29 14:10:11', 34, 20),
(18, '2022-04-29 16:15:00', '2022-04-29 16:15:00', 'FSDGFHJKHJUIUYURTEWADASDGFHDAWERE', '2022-04-29 05:15:18', '2022-04-29 14:10:20', '2022-04-29 14:10:20', 35, 22),
(19, '2022-04-29 16:15:00', '2022-04-30 16:15:00', 'wQWGEWYUDFYUFGUYFHDBHF', '2022-04-29 05:16:13', '2022-04-29 14:10:25', '2022-04-29 14:10:25', 37, 23),
(20, '2022-04-30 08:00:00', '2022-05-01 08:00:00', 'Card payment', '2022-04-29 14:11:54', '2022-04-29 14:11:54', NULL, 34, 24),
(21, '2022-04-30 09:00:00', '2022-05-01 07:30:00', 'Card payment', '2022-04-29 14:13:08', '2022-04-29 14:13:08', NULL, 35, 25),
(22, '2022-04-30 06:30:00', '2022-04-30 22:00:00', 'Cash payment', '2022-04-29 14:14:10', '2022-04-29 14:14:10', NULL, 37, 27),
(23, '2022-04-30 18:30:00', '2022-05-02 07:00:00', 'Card payment', '2022-04-29 14:15:15', '2022-04-29 14:15:15', NULL, 38, 24),
(24, '2022-04-30 13:30:00', '2022-05-01 14:45:00', 'Card payment', '2022-04-29 14:16:09', '2022-04-29 14:16:09', NULL, 39, 26),
(25, '2022-05-03 00:00:00', '2022-05-04 00:00:00', 'None', '2022-05-03 11:42:43', '2022-05-03 11:42:43', NULL, 40, 34),
(26, '2022-05-01 00:00:00', '2022-05-03 00:00:00', 'nothing', '2022-05-04 12:13:21', '2022-05-04 12:13:21', NULL, 41, 27),
(27, '2022-05-22 00:00:00', '2022-05-29 00:00:00', 'sedfsfdf', '2022-05-12 00:00:53', '2022-05-12 00:00:53', NULL, 42, 26),
(28, '2022-05-17 00:00:00', '2022-05-25 00:00:00', 'hfsgy', '2022-05-26 06:36:27', '2022-05-26 06:36:27', NULL, 43, 26),
(29, '2022-05-23 00:00:00', '2022-05-27 00:00:00', 'Non', '2022-05-31 03:29:51', '2022-05-31 03:29:51', NULL, 44, 26),
(30, '2022-05-03 00:00:00', '2022-05-18 00:00:00', NULL, '2022-06-01 01:08:40', '2022-06-01 01:08:40', NULL, 45, 25),
(31, '2022-05-03 00:00:00', '2022-05-18 00:00:00', NULL, '2022-06-01 01:08:40', '2022-06-01 01:08:40', NULL, 46, 25),
(32, '2022-05-03 00:00:00', '2022-05-18 00:00:00', NULL, '2022-06-01 01:08:40', '2022-06-01 01:08:40', NULL, 47, 25),
(33, '2022-05-02 00:00:00', '2022-05-18 00:00:00', 'None', '2022-06-01 03:30:26', '2022-06-01 03:30:26', NULL, 48, 35),
(34, '2022-05-02 00:00:00', '2022-05-18 00:00:00', 'None', '2022-06-01 03:30:26', '2022-06-01 03:30:26', NULL, 49, 35),
(35, '2022-05-02 00:00:00', '2022-05-18 00:00:00', 'None', '2022-06-01 03:30:59', '2022-06-01 03:30:59', NULL, 50, 35),
(36, '2022-05-03 00:00:00', '2022-05-18 00:00:00', NULL, '2022-06-01 08:17:00', '2022-06-01 08:17:00', NULL, 51, 26),
(37, '2022-07-02 00:00:00', '2022-06-27 00:00:00', NULL, '2022-06-02 01:00:19', '2022-06-02 01:00:19', NULL, 52, 16),
(38, '2022-08-30 18:51:00', '2022-10-06 18:51:00', 'TEST', '2022-08-30 07:51:27', '2022-08-30 07:51:27', NULL, 25, 28),
(39, '2022-08-31 23:19:00', '2022-09-01 23:19:00', 'ghfgh', '2022-08-30 12:19:56', '2022-08-30 12:19:56', NULL, 26, 30),
(40, '2022-08-31 23:22:00', '2022-09-01 23:22:00', 'fdgfgfgdfg', '2022-08-30 12:22:53', '2022-08-30 12:22:53', NULL, 26, 36),
(41, '2022-08-31 23:24:00', '2022-09-01 23:24:00', 'vhchgyhfgh', '2022-08-30 12:26:27', '2022-08-30 12:26:27', NULL, 27, 37),
(42, '2022-08-31 11:35:00', '2022-09-01 11:35:00', 'romm', '2022-08-31 00:35:23', '2022-08-31 00:35:23', NULL, 24, 16);

-- --------------------------------------------------------

--
-- Table structure for table `categories`
--

CREATE TABLE `categories` (
  `id` int(10) UNSIGNED NOT NULL,
  `created_at` timestamp NULL DEFAULT NULL,
  `updated_at` timestamp NULL DEFAULT NULL,
  `name` varchar(191) COLLATE utf8mb4_unicode_ci NOT NULL
) ENGINE=InnoDB DEFAULT CHARSET=utf8mb4 COLLATE=utf8mb4_unicode_ci;

--
-- Dumping data for table `categories`
--

INSERT INTO `categories` (`id`, `created_at`, `updated_at`, `name`) VALUES
(1, '2022-04-20 06:29:47', '2022-04-20 06:29:47', 'Luxury'),
(2, '2022-04-20 06:31:03', '2022-04-20 06:31:03', 'Single'),
(3, '2022-04-20 06:31:15', '2022-04-20 06:31:15', 'Double'),
(4, '2022-04-20 06:31:25', '2022-04-29 04:28:23', 'Triple'),
(5, '2022-04-20 06:31:33', '2022-04-20 06:31:33', 'Quad'),
(6, '2022-04-20 06:31:41', '2022-04-20 06:31:41', 'Queen'),
(7, '2022-04-20 06:31:48', '2022-04-20 06:31:48', 'King'),
(9, '2022-04-20 06:32:19', '2022-04-20 06:32:19', 'Hollywood Twin Room'),
(12, '2022-08-30 02:54:04', '2022-08-30 02:54:04', 'Hotel Property');

-- --------------------------------------------------------

--
-- Table structure for table `cleans`
--

CREATE TABLE `cleans` (
  `id` int(10) UNSIGNED NOT NULL,
  `user_id` int(10) UNSIGNED NOT NULL,
  `room_id` int(10) UNSIGNED NOT NULL,
  `date` varchar(191) COLLATE utf8mb4_unicode_ci NOT NULL,
  `remarks` varchar(191) COLLATE utf8mb4_unicode_ci NOT NULL,
  `status` varchar(191) COLLATE utf8mb4_unicode_ci NOT NULL DEFAULT 'PENDING',
  `created_at` timestamp NULL DEFAULT NULL,
  `updated_at` timestamp NULL DEFAULT NULL
) ENGINE=InnoDB DEFAULT CHARSET=utf8mb4 COLLATE=utf8mb4_unicode_ci;

--
-- Dumping data for table `cleans`
--

INSERT INTO `cleans` (`id`, `user_id`, `room_id`, `date`, `remarks`, `status`, `created_at`, `updated_at`) VALUES
(8, 24, 29, '2022-08-27', 'test remark', 'DONE', '2022-08-25 23:51:16', '2022-08-26 04:33:42'),
(9, 24, 16, '2022-08-26', 'cleaning,washing', 'DONE', '2022-08-26 04:11:06', '2022-08-26 04:33:38'),
(10, 24, 16, '2022-08-26', '1.Clean AC\r\n2.Change lights', 'DONE', '2022-08-26 09:14:08', '2022-08-30 07:19:05'),
(11, 24, 16, '2022-08-31', 'clean the room', 'PENDING', '2022-08-30 07:18:27', '2022-08-30 07:18:27'),
(12, 24, 16, '2022-08-31', 'clean the room', 'PENDING', '2022-08-30 07:18:31', '2022-08-30 07:18:31'),
(13, 24, 16, '2022-08-30', 'clean', 'PENDING', '2022-08-30 11:27:15', '2022-08-30 11:27:15'),
(14, 24, 41, '2022-08-31', 'cleans', 'PENDING', '2022-08-30 11:28:55', '2022-08-30 11:28:55'),
(15, 24, 41, '2022-08-31', 'cleans', 'PENDING', '2022-08-30 11:28:57', '2022-08-30 11:28:57'),
(16, 24, 40, '2022-08-30', 'clean', 'PENDING', '2022-08-30 11:30:15', '2022-08-30 11:30:15'),
(18, 24, 36, '2022-08-30', 'clean', 'PENDING', '2022-08-30 12:06:33', '2022-08-30 12:06:33'),
(19, 24, 30, '2022-08-30', 'clean', 'PENDING', '2022-08-30 12:07:04', '2022-08-30 12:07:04'),
(20, 24, 16, '2022-08-30', 'clean', 'PENDING', '2022-08-30 12:07:31', '2022-08-30 12:07:31'),
(21, 25, 28, '2022-08-31', 'test', 'PENDING', '2022-08-30 12:15:21', '2022-08-30 12:15:21'),
(22, 5, 37, '2022-08-31', 'dfgdfg', 'PENDING', '2022-08-30 12:23:47', '2022-08-30 12:23:47'),
(23, 26, 38, '2022-08-31', 'test', 'PENDING', '2022-08-30 12:28:50', '2022-08-30 12:28:50'),
(24, 25, 39, '2022-09-01', 'Sdsd', 'PENDING', '2022-08-30 12:38:55', '2022-08-30 12:38:55'),
(25, 25, 39, '2022-09-02', 'fghrf', 'PENDING', '2022-08-30 12:43:36', '2022-08-30 12:43:36'),
(26, 25, 28, '2022-08-31', 'clean', 'PENDING', '2022-08-30 12:47:05', '2022-08-30 12:47:05'),
(27, 25, 28, '2022-08-31', 'clean', 'PENDING', '2022-08-30 12:49:04', '2022-08-30 12:49:04'),
(28, 25, 28, '2022-08-31', 'clean', 'PENDING', '2022-08-30 23:29:05', '2022-08-30 23:29:05'),
(29, 24, 16, '2022-08-31', 'clean', 'PENDING', '2022-08-31 00:27:51', '2022-08-31 00:27:51'),
(30, 27, 16, '2022-08-31', 'clean', 'PENDING', '2022-08-31 00:30:20', '2022-08-31 00:30:20'),
(31, 25, 16, '2022-08-31', 'clean', 'PENDING', '2022-08-31 00:31:58', '2022-08-31 00:31:58');

-- --------------------------------------------------------

--
-- Table structure for table `countries`
--

CREATE TABLE `countries` (
  `id` int(10) UNSIGNED NOT NULL,
  `shortcode` varchar(191) COLLATE utf8mb4_unicode_ci DEFAULT NULL,
  `title` varchar(191) COLLATE utf8mb4_unicode_ci DEFAULT NULL,
  `created_at` timestamp NULL DEFAULT NULL,
  `updated_at` timestamp NULL DEFAULT NULL,
  `deleted_at` timestamp NULL DEFAULT NULL
) ENGINE=InnoDB DEFAULT CHARSET=utf8mb4 COLLATE=utf8mb4_unicode_ci;

--
-- Dumping data for table `countries`
--

INSERT INTO `countries` (`id`, `shortcode`, `title`, `created_at`, `updated_at`, `deleted_at`) VALUES
(1, 'AF', 'Afghanistan', '2022-04-20 06:28:33', '2022-04-20 06:28:33', NULL),
(2, 'AL', 'Albania', '2022-04-20 06:28:33', '2022-04-20 06:28:33', NULL),
(3, 'DZ', 'Algeria', '2022-04-20 06:28:33', '2022-04-20 06:28:33', NULL),
(4, 'AS', 'American Samoa', '2022-04-20 06:28:33', '2022-04-20 06:28:33', NULL),
(5, 'AD', 'Andorra', '2022-04-20 06:28:33', '2022-04-20 06:28:33', NULL),
(6, 'AO', 'Angola', '2022-04-20 06:28:33', '2022-04-20 06:28:33', NULL),
(7, 'AI', 'Anguilla', '2022-04-20 06:28:33', '2022-04-20 06:28:33', NULL),
(8, 'AQ', 'Antarctica', '2022-04-20 06:28:33', '2022-04-20 06:28:33', NULL),
(9, 'AG', 'Antigua and Barbuda', '2022-04-20 06:28:33', '2022-04-20 06:28:33', NULL),
(10, 'AR', 'Argentina', '2022-04-20 06:28:33', '2022-04-20 06:28:33', NULL),
(11, 'AM', 'Armenia', '2022-04-20 06:28:33', '2022-04-20 06:28:33', NULL),
(12, 'AW', 'Aruba', '2022-04-20 06:28:33', '2022-04-20 06:28:33', NULL),
(13, 'AU', 'Australia', '2022-04-20 06:28:33', '2022-04-20 06:28:33', NULL),
(14, 'AT', 'Austria', '2022-04-20 06:28:33', '2022-04-20 06:28:33', NULL),
(15, 'AZ', 'Azerbaijan', '2022-04-20 06:28:33', '2022-04-20 06:28:33', NULL),
(16, 'BS', 'Bahamas', '2022-04-20 06:28:33', '2022-04-20 06:28:33', NULL),
(17, 'BH', 'Bahrain', '2022-04-20 06:28:33', '2022-04-20 06:28:33', NULL),
(18, 'BD', 'Bangladesh', '2022-04-20 06:28:33', '2022-04-20 06:28:33', NULL),
(19, 'BB', 'Barbados', '2022-04-20 06:28:33', '2022-04-20 06:28:33', NULL),
(20, 'BY', 'Belarus', '2022-04-20 06:28:33', '2022-04-20 06:28:33', NULL),
(21, 'BE', 'Belgium', '2022-04-20 06:28:33', '2022-04-20 06:28:33', NULL),
(22, 'BZ', 'Belize', '2022-04-20 06:28:33', '2022-04-20 06:28:33', NULL),
(23, 'BJ', 'Benin', '2022-04-20 06:28:33', '2022-04-20 06:28:33', NULL),
(24, 'BM', 'Bermuda', '2022-04-20 06:28:33', '2022-04-20 06:28:33', NULL),
(25, 'BT', 'Bhutan', '2022-04-20 06:28:33', '2022-04-20 06:28:33', NULL),
(26, 'BO', 'Bolivia', '2022-04-20 06:28:33', '2022-04-20 06:28:33', NULL),
(27, 'BA', 'Bosnia and Herzegovina', '2022-04-20 06:28:33', '2022-04-20 06:28:33', NULL),
(28, 'BW', 'Botswana', '2022-04-20 06:28:33', '2022-04-20 06:28:33', NULL),
(29, 'BV', 'Bouvet Island', '2022-04-20 06:28:33', '2022-04-20 06:28:33', NULL),
(30, 'BR', 'Brazil', '2022-04-20 06:28:33', '2022-04-20 06:28:33', NULL),
(31, 'BQ', 'British Antarctic Territory', '2022-04-20 06:28:33', '2022-04-20 06:28:33', NULL),
(32, 'IO', 'British Indian Ocean Territory', '2022-04-20 06:28:33', '2022-04-20 06:28:33', NULL),
(33, 'VG', 'British Virgin Islands', '2022-04-20 06:28:33', '2022-04-20 06:28:33', NULL),
(34, 'BN', 'Brunei', '2022-04-20 06:28:33', '2022-04-20 06:28:33', NULL),
(35, 'BG', 'Bulgaria', '2022-04-20 06:28:33', '2022-04-20 06:28:33', NULL),
(36, 'BF', 'Burkina Faso', '2022-04-20 06:28:33', '2022-04-20 06:28:33', NULL),
(37, 'BI', 'Burundi', '2022-04-20 06:28:33', '2022-04-20 06:28:33', NULL),
(38, 'KH', 'Cambodia', '2022-04-20 06:28:33', '2022-04-20 06:28:33', NULL),
(39, 'CM', 'Cameroon', '2022-04-20 06:28:33', '2022-04-20 06:28:33', NULL),
(40, 'CA', 'Canada', '2022-04-20 06:28:33', '2022-04-20 06:28:33', NULL),
(41, 'CT', 'Canton and Enderbury Islands', '2022-04-20 06:28:33', '2022-04-20 06:28:33', NULL),
(42, 'CV', 'Cape Verde', '2022-04-20 06:28:33', '2022-04-20 06:28:33', NULL),
(43, 'KY', 'Cayman Islands', '2022-04-20 06:28:33', '2022-04-20 06:28:33', NULL),
(44, 'CF', 'Central African Republic', '2022-04-20 06:28:33', '2022-04-20 06:28:33', NULL),
(45, 'TD', 'Chad', '2022-04-20 06:28:33', '2022-04-20 06:28:33', NULL),
(46, 'CL', 'Chile', '2022-04-20 06:28:33', '2022-04-20 06:28:33', NULL),
(47, 'CN', 'China', '2022-04-20 06:28:33', '2022-04-20 06:28:33', NULL),
(48, 'CX', 'Christmas Island', '2022-04-20 06:28:33', '2022-04-20 06:28:33', NULL),
(49, 'CC', 'Cocos [Keeling] Islands', '2022-04-20 06:28:33', '2022-04-20 06:28:33', NULL),
(50, 'CO', 'Colombia', '2022-04-20 06:28:33', '2022-04-20 06:28:33', NULL),
(51, 'KM', 'Comoros', '2022-04-20 06:28:33', '2022-04-20 06:28:33', NULL),
(52, 'CG', 'Congo - Brazzaville', '2022-04-20 06:28:33', '2022-04-20 06:28:33', NULL),
(53, 'CD', 'Congo - Kinshasa', '2022-04-20 06:28:33', '2022-04-20 06:28:33', NULL),
(54, 'CK', 'Cook Islands', '2022-04-20 06:28:33', '2022-04-20 06:28:33', NULL),
(55, 'CR', 'Costa Rica', '2022-04-20 06:28:33', '2022-04-20 06:28:33', NULL),
(56, 'HR', 'Croatia', '2022-04-20 06:28:33', '2022-04-20 06:28:33', NULL),
(57, 'CU', 'Cuba', '2022-04-20 06:28:33', '2022-04-20 06:28:33', NULL),
(58, 'CY', 'Cyprus', '2022-04-20 06:28:33', '2022-04-20 06:28:33', NULL),
(59, 'CZ', 'Czech Republic', '2022-04-20 06:28:33', '2022-04-20 06:28:33', NULL),
(60, 'CI', 'Côte d’Ivoire', '2022-04-20 06:28:33', '2022-04-20 06:28:33', NULL),
(61, 'DK', 'Denmark', '2022-04-20 06:28:33', '2022-04-20 06:28:33', NULL),
(62, 'DJ', 'Djibouti', '2022-04-20 06:28:33', '2022-04-20 06:28:33', NULL),
(63, 'DM', 'Dominica', '2022-04-20 06:28:33', '2022-04-20 06:28:33', NULL),
(64, 'DO', 'Dominican Republic', '2022-04-20 06:28:33', '2022-04-20 06:28:33', NULL),
(65, 'NQ', 'Dronning Maud Land', '2022-04-20 06:28:33', '2022-04-20 06:28:33', NULL),
(66, 'DD', 'East Germany', '2022-04-20 06:28:33', '2022-04-20 06:28:33', NULL),
(67, 'EC', 'Ecuador', '2022-04-20 06:28:33', '2022-04-20 06:28:33', NULL),
(68, 'EG', 'Egypt', '2022-04-20 06:28:33', '2022-04-20 06:28:33', NULL),
(69, 'SV', 'El Salvador', '2022-04-20 06:28:33', '2022-04-20 06:28:33', NULL),
(70, 'GQ', 'Equatorial Guinea', '2022-04-20 06:28:33', '2022-04-20 06:28:33', NULL),
(71, 'ER', 'Eritrea', '2022-04-20 06:28:33', '2022-04-20 06:28:33', NULL),
(72, 'EE', 'Estonia', '2022-04-20 06:28:33', '2022-04-20 06:28:33', NULL),
(73, 'ET', 'Ethiopia', '2022-04-20 06:28:33', '2022-04-20 06:28:33', NULL),
(74, 'FK', 'Falkland Islands', '2022-04-20 06:28:33', '2022-04-20 06:28:33', NULL),
(75, 'FO', 'Faroe Islands', '2022-04-20 06:28:33', '2022-04-20 06:28:33', NULL),
(76, 'FJ', 'Fiji', '2022-04-20 06:28:33', '2022-04-20 06:28:33', NULL),
(77, 'FI', 'Finland', '2022-04-20 06:28:33', '2022-04-20 06:28:33', NULL),
(78, 'FR', 'France', '2022-04-20 06:28:33', '2022-04-20 06:28:33', NULL),
(79, 'GF', 'French Guiana', '2022-04-20 06:28:33', '2022-04-20 06:28:33', NULL),
(80, 'PF', 'French Polynesia', '2022-04-20 06:28:33', '2022-04-20 06:28:33', NULL),
(81, 'TF', 'French Southern Territories', '2022-04-20 06:28:33', '2022-04-20 06:28:33', NULL),
(82, 'FQ', 'French Southern and Antarctic Territories', '2022-04-20 06:28:33', '2022-04-20 06:28:33', NULL),
(83, 'GA', 'Gabon', '2022-04-20 06:28:33', '2022-04-20 06:28:33', NULL),
(84, 'GM', 'Gambia', '2022-04-20 06:28:33', '2022-04-20 06:28:33', NULL),
(85, 'GE', 'Georgia', '2022-04-20 06:28:33', '2022-04-20 06:28:33', NULL),
(86, 'DE', 'Germany', '2022-04-20 06:28:33', '2022-04-20 06:28:33', NULL),
(87, 'GH', 'Ghana', '2022-04-20 06:28:33', '2022-04-20 06:28:33', NULL),
(88, 'GI', 'Gibraltar', '2022-04-20 06:28:33', '2022-04-20 06:28:33', NULL),
(89, 'GR', 'Greece', '2022-04-20 06:28:33', '2022-04-29 04:24:18', '2022-04-29 04:24:18'),
(90, 'GL', 'Greenland', '2022-04-20 06:28:33', '2022-04-20 06:28:33', NULL),
(91, 'GD', 'Grenada', '2022-04-20 06:28:33', '2022-04-20 06:28:33', NULL),
(92, 'GP', 'Guadeloupe', '2022-04-20 06:28:33', '2022-04-20 06:28:33', NULL),
(93, 'GU', 'Guam', '2022-04-20 06:28:33', '2022-04-20 06:28:33', NULL),
(94, 'GT', 'Guatemala', '2022-04-20 06:28:33', '2022-04-20 06:28:33', NULL),
(95, 'GG', 'Guernsey', '2022-04-20 06:28:33', '2022-04-20 06:28:33', NULL),
(96, 'GN', 'Guinea', '2022-04-20 06:28:33', '2022-04-20 06:28:33', NULL),
(97, 'GW', 'Guinea-Bissau', '2022-04-20 06:28:33', '2022-04-20 06:28:33', NULL),
(98, 'GY', 'Guyana', '2022-04-20 06:28:33', '2022-04-20 06:28:33', NULL),
(99, 'HT', 'Haiti', '2022-04-20 06:28:33', '2022-04-20 06:28:33', NULL),
(100, 'HM', 'Heard Island and McDonald Islands', '2022-04-20 06:28:33', '2022-04-20 06:28:33', NULL),
(101, 'HN', 'Honduras', '2022-04-20 06:28:33', '2022-04-20 06:28:33', NULL),
(102, 'HK', 'Hong Kong SAR China', '2022-04-20 06:28:33', '2022-04-20 06:28:33', NULL),
(103, 'HU', 'Hungary', '2022-04-20 06:28:33', '2022-04-20 06:28:33', NULL),
(104, 'IS', 'Iceland', '2022-04-20 06:28:33', '2022-04-20 06:28:33', NULL),
(105, 'IN', 'India', '2022-04-20 06:28:33', '2022-04-20 06:28:33', NULL),
(106, 'ID', 'Indonesia', '2022-04-20 06:28:33', '2022-04-20 06:28:33', NULL),
(107, 'IR', 'Iran', '2022-04-20 06:28:33', '2022-04-20 06:28:33', NULL),
(108, 'IQ', 'Iraq', '2022-04-20 06:28:33', '2022-04-20 06:28:33', NULL),
(109, 'IE', 'Ireland', '2022-04-20 06:28:33', '2022-04-20 06:28:33', NULL),
(110, 'IM', 'Isle of Man', '2022-04-20 06:28:33', '2022-04-20 06:28:33', NULL),
(111, 'IL', 'Israel', '2022-04-20 06:28:33', '2022-04-20 06:28:33', NULL),
(112, 'IT', 'Italy', '2022-04-20 06:28:33', '2022-04-20 06:28:33', NULL),
(113, 'JM', 'Jamaica', '2022-04-20 06:28:33', '2022-04-20 06:28:33', NULL),
(114, 'JP', 'Japan', '2022-04-20 06:28:33', '2022-04-20 06:28:33', NULL),
(115, 'JE', 'Jersey', '2022-04-20 06:28:33', '2022-04-20 06:28:33', NULL),
(116, 'JT', 'Johnston Island', '2022-04-20 06:28:33', '2022-04-20 06:28:33', NULL),
(117, 'JO', 'Jordan', '2022-04-20 06:28:33', '2022-04-20 06:28:33', NULL),
(118, 'KZ', 'Kazakhstan', '2022-04-20 06:28:33', '2022-04-20 06:28:33', NULL),
(119, 'KE', 'Kenya', '2022-04-20 06:28:33', '2022-04-20 06:28:33', NULL),
(120, 'KI', 'Kiribati', '2022-04-20 06:28:33', '2022-04-20 06:28:33', NULL),
(121, 'KW', 'Kuwait', '2022-04-20 06:28:33', '2022-04-20 06:28:33', NULL),
(122, 'KG', 'Kyrgyzstan', '2022-04-20 06:28:33', '2022-04-20 06:28:33', NULL),
(123, 'LA', 'Laos', '2022-04-20 06:28:33', '2022-04-20 06:28:33', NULL),
(124, 'LV', 'Latvia', '2022-04-20 06:28:33', '2022-04-20 06:28:33', NULL),
(125, 'LB', 'Lebanon', '2022-04-20 06:28:33', '2022-04-20 06:28:33', NULL),
(126, 'LS', 'Lesotho', '2022-04-20 06:28:33', '2022-04-20 06:28:33', NULL),
(127, 'LR', 'Liberia', '2022-04-20 06:28:33', '2022-04-20 06:28:33', NULL),
(128, 'LY', 'Libya', '2022-04-20 06:28:33', '2022-04-20 06:28:33', NULL),
(129, 'LI', 'Liechtenstein', '2022-04-20 06:28:33', '2022-04-20 06:28:33', NULL),
(130, 'LT', 'Lithuania', '2022-04-20 06:28:33', '2022-04-20 06:28:33', NULL),
(131, 'LU', 'Luxembourg', '2022-04-20 06:28:33', '2022-04-20 06:28:33', NULL),
(132, 'MO', 'Macau SAR China', '2022-04-20 06:28:33', '2022-04-20 06:28:33', NULL),
(133, 'MK', 'Macedonia', '2022-04-20 06:28:33', '2022-04-20 06:28:33', NULL),
(134, 'MG', 'Madagascar', '2022-04-20 06:28:33', '2022-04-20 06:28:33', NULL),
(135, 'MW', 'Malawi', '2022-04-20 06:28:33', '2022-04-20 06:28:33', NULL),
(136, 'MY', 'Malaysia', '2022-04-20 06:28:33', '2022-04-20 06:28:33', NULL),
(137, 'MV', 'Maldives', '2022-04-20 06:28:33', '2022-04-20 06:28:33', NULL),
(138, 'ML', 'Mali', '2022-04-20 06:28:33', '2022-04-20 06:28:33', NULL),
(139, 'MT', 'Malta', '2022-04-20 06:28:33', '2022-04-20 06:28:33', NULL),
(140, 'MH', 'Marshall Islands', '2022-04-20 06:28:33', '2022-04-20 06:28:33', NULL),
(141, 'MQ', 'Martinique', '2022-04-20 06:28:33', '2022-04-20 06:28:33', NULL),
(142, 'MR', 'Mauritania', '2022-04-20 06:28:33', '2022-04-20 06:28:33', NULL),
(143, 'MU', 'Mauritius', '2022-04-20 06:28:33', '2022-04-20 06:28:33', NULL),
(144, 'YT', 'Mayotte', '2022-04-20 06:28:33', '2022-04-20 06:28:33', NULL),
(145, 'FX', 'Metropolitan France', '2022-04-20 06:28:33', '2022-04-20 06:28:33', NULL),
(146, 'MX', 'Mexico', '2022-04-20 06:28:33', '2022-04-20 06:28:33', NULL),
(147, 'FM', 'Micronesia', '2022-04-20 06:28:33', '2022-04-20 06:28:33', NULL),
(148, 'MI', 'Midway Islands', '2022-04-20 06:28:33', '2022-04-20 06:28:33', NULL),
(149, 'MD', 'Moldova', '2022-04-20 06:28:33', '2022-04-20 06:28:33', NULL),
(150, 'MC', 'Monaco', '2022-04-20 06:28:33', '2022-04-20 06:28:33', NULL),
(151, 'MN', 'Mongolia', '2022-04-20 06:28:33', '2022-04-20 06:28:33', NULL),
(152, 'ME', 'Montenegro', '2022-04-20 06:28:33', '2022-04-20 06:28:33', NULL),
(153, 'MS', 'Montserrat', '2022-04-20 06:28:33', '2022-04-20 06:28:33', NULL),
(154, 'MA', 'Morocco', '2022-04-20 06:28:33', '2022-04-20 06:28:33', NULL),
(155, 'MZ', 'Mozambique', '2022-04-20 06:28:33', '2022-04-20 06:28:33', NULL),
(156, 'MM', 'Myanmar [Burma]', '2022-04-20 06:28:33', '2022-04-20 06:28:33', NULL),
(157, 'NA', 'Namibia', '2022-04-20 06:28:33', '2022-04-20 06:28:33', NULL),
(158, 'NR', 'Nauru', '2022-04-20 06:28:33', '2022-04-20 06:28:33', NULL),
(159, 'NP', 'Nepal', '2022-04-20 06:28:33', '2022-04-20 06:28:33', NULL),
(160, 'NL', 'Netherlands', '2022-04-20 06:28:33', '2022-04-20 06:28:33', NULL),
(161, 'AN', 'Netherlands Antilles', '2022-04-20 06:28:33', '2022-04-20 06:28:33', NULL),
(162, 'NT', 'Neutral Zone', '2022-04-20 06:28:33', '2022-04-20 06:28:33', NULL),
(163, 'NC', 'New Caledonia', '2022-04-20 06:28:33', '2022-04-20 06:28:33', NULL),
(164, 'NZ', 'New Zealand', '2022-04-20 06:28:33', '2022-04-20 06:28:33', NULL),
(165, 'NI', 'Nicaragua', '2022-04-20 06:28:33', '2022-04-20 06:28:33', NULL),
(166, 'NE', 'Niger', '2022-04-20 06:28:33', '2022-04-20 06:28:33', NULL),
(167, 'NG', 'Nigeria', '2022-04-20 06:28:33', '2022-04-20 06:28:33', NULL),
(168, 'NU', 'Niue', '2022-04-20 06:28:33', '2022-04-20 06:28:33', NULL),
(169, 'NF', 'Norfolk Island', '2022-04-20 06:28:33', '2022-04-20 06:28:33', NULL),
(170, 'KP', 'North Korea', '2022-04-20 06:28:33', '2022-04-20 06:28:33', NULL),
(171, 'VD', 'North Vietnam', '2022-04-20 06:28:33', '2022-04-20 06:28:33', NULL),
(172, 'MP', 'Northern Mariana Islands', '2022-04-20 06:28:33', '2022-04-20 06:28:33', NULL),
(173, 'NO', 'Norway', '2022-04-20 06:28:33', '2022-04-20 06:28:33', NULL),
(174, 'OM', 'Oman', '2022-04-20 06:28:33', '2022-04-20 06:28:33', NULL),
(175, 'PC', 'Pacific Islands Trust Territory', '2022-04-20 06:28:33', '2022-04-20 06:28:33', NULL),
(176, 'PK', 'Pakistan', '2022-04-20 06:28:33', '2022-04-20 06:28:33', NULL),
(177, 'PW', 'Palau', '2022-04-20 06:28:33', '2022-04-20 06:28:33', NULL),
(178, 'PS', 'Palestinian Territories', '2022-04-20 06:28:33', '2022-04-20 06:28:33', NULL),
(179, 'PA', 'Panama', '2022-04-20 06:28:33', '2022-04-20 06:28:33', NULL),
(180, 'PZ', 'Panama Canal Zone', '2022-04-20 06:28:33', '2022-04-20 06:28:33', NULL),
(181, 'PG', 'Papua New Guinea', '2022-04-20 06:28:33', '2022-04-20 06:28:33', NULL),
(182, 'PY', 'Paraguay', '2022-04-20 06:28:33', '2022-04-20 06:28:33', NULL),
(183, 'YD', 'People\'s Democratic Republic of Yemen', '2022-04-20 06:28:33', '2022-04-20 06:28:33', NULL),
(184, 'PE', 'Peru', '2022-04-20 06:28:33', '2022-04-20 06:28:33', NULL),
(185, 'PH', 'Philippines', '2022-04-20 06:28:33', '2022-04-20 06:28:33', NULL),
(186, 'PN', 'Pitcairn Islands', '2022-04-20 06:28:33', '2022-04-20 06:28:33', NULL),
(187, 'PL', 'Poland', '2022-04-20 06:28:33', '2022-04-20 06:28:33', NULL),
(188, 'PT', 'Portugal', '2022-04-20 06:28:33', '2022-04-20 06:28:33', NULL),
(189, 'PR', 'Puerto Rico', '2022-04-20 06:28:33', '2022-04-20 06:28:33', NULL),
(190, 'QA', 'Qatar', '2022-04-20 06:28:33', '2022-04-20 06:28:33', NULL),
(191, 'RO', 'Romania', '2022-04-20 06:28:33', '2022-04-20 06:28:33', NULL),
(192, 'RU', 'Russia', '2022-04-20 06:28:33', '2022-04-20 06:28:33', NULL),
(193, 'RW', 'Rwanda', '2022-04-20 06:28:33', '2022-04-20 06:28:33', NULL),
(194, 'RE', 'Réunion', '2022-04-20 06:28:33', '2022-04-20 06:28:33', NULL),
(195, 'BL', 'Saint Barthélemy', '2022-04-20 06:28:33', '2022-04-20 06:28:33', NULL),
(196, 'SH', 'Saint Helena', '2022-04-20 06:28:33', '2022-04-20 06:28:33', NULL),
(197, 'KN', 'Saint Kitts and Nevis', '2022-04-20 06:28:33', '2022-04-20 06:28:33', NULL),
(198, 'LC', 'Saint Lucia', '2022-04-20 06:28:33', '2022-04-20 06:28:33', NULL),
(199, 'MF', 'Saint Martin', '2022-04-20 06:28:33', '2022-04-20 06:28:33', NULL),
(200, 'PM', 'Saint Pierre and Miquelon', '2022-04-20 06:28:33', '2022-04-20 06:28:33', NULL),
(201, 'VC', 'Saint Vincent and the Grenadines', '2022-04-20 06:28:33', '2022-04-20 06:28:33', NULL),
(202, 'WS', 'Samoa', '2022-04-20 06:28:33', '2022-04-20 06:28:33', NULL),
(203, 'SM', 'San Marino', '2022-04-20 06:28:33', '2022-04-20 06:28:33', NULL),
(204, 'SA', 'Saudi Arabia', '2022-04-20 06:28:33', '2022-04-20 06:28:33', NULL),
(205, 'SN', 'Senegal', '2022-04-20 06:28:33', '2022-04-20 06:28:33', NULL),
(206, 'RS', 'Serbia', '2022-04-20 06:28:33', '2022-04-20 06:28:33', NULL),
(207, 'CS', 'Serbia and Montenegro', '2022-04-20 06:28:33', '2022-04-20 06:28:33', NULL),
(208, 'SC', 'Seychelles', '2022-04-20 06:28:33', '2022-04-20 06:28:33', NULL),
(209, 'SL', 'Sierra Leone', '2022-04-20 06:28:33', '2022-04-20 06:28:33', NULL),
(210, 'SG', 'Singapore', '2022-04-20 06:28:33', '2022-04-20 06:28:33', NULL),
(211, 'SK', 'Slovakia', '2022-04-20 06:28:33', '2022-04-20 06:28:33', NULL),
(212, 'SI', 'Slovenia', '2022-04-20 06:28:33', '2022-04-20 06:28:33', NULL),
(213, 'SB', 'Solomon Islands', '2022-04-20 06:28:33', '2022-04-20 06:28:33', NULL),
(214, 'SO', 'Somalia', '2022-04-20 06:28:33', '2022-04-20 06:28:33', NULL),
(215, 'ZA', 'South Africa', '2022-04-20 06:28:33', '2022-04-20 06:28:33', NULL),
(216, 'GS', 'South Georgia and the South Sandwich Islands', '2022-04-20 06:28:33', '2022-04-20 06:28:33', NULL),
(217, 'KR', 'South Korea', '2022-04-20 06:28:33', '2022-04-20 06:28:33', NULL),
(218, 'ES', 'Spain', '2022-04-20 06:28:33', '2022-04-20 06:28:33', NULL),
(219, 'LK', 'Sri Lanka', '2022-04-20 06:28:33', '2022-04-20 06:28:33', NULL),
(220, 'SD', 'Sudan', '2022-04-20 06:28:33', '2022-04-20 06:28:33', NULL),
(221, 'SR', 'Suriname', '2022-04-20 06:28:33', '2022-04-20 06:28:33', NULL),
(222, 'SJ', 'Svalbard and Jan Mayen', '2022-04-20 06:28:33', '2022-04-20 06:28:33', NULL),
(223, 'SZ', 'Swaziland', '2022-04-20 06:28:33', '2022-04-20 06:28:33', NULL),
(224, 'SE', 'Sweden', '2022-04-20 06:28:33', '2022-04-20 06:28:33', NULL),
(225, 'CH', 'Switzerland', '2022-04-20 06:28:33', '2022-04-20 06:28:33', NULL),
(226, 'SY', 'Syria', '2022-04-20 06:28:33', '2022-04-20 06:28:33', NULL),
(227, 'ST', 'São Tomé and Príncipe', '2022-04-20 06:28:33', '2022-04-20 06:28:33', NULL),
(228, 'TW', 'Taiwan', '2022-04-20 06:28:33', '2022-04-20 06:28:33', NULL),
(229, 'TJ', 'Tajikistan', '2022-04-20 06:28:33', '2022-04-20 06:28:33', NULL),
(230, 'TZ', 'Tanzania', '2022-04-20 06:28:33', '2022-04-20 06:28:33', NULL),
(231, 'TH', 'Thailand', '2022-04-20 06:28:33', '2022-04-20 06:28:33', NULL),
(232, 'TL', 'Timor-Leste', '2022-04-20 06:28:33', '2022-04-20 06:28:33', NULL),
(233, 'TG', 'Togo', '2022-04-20 06:28:33', '2022-04-20 06:28:33', NULL),
(234, 'TK', 'Tokelau', '2022-04-20 06:28:33', '2022-04-20 06:28:33', NULL),
(235, 'TO', 'Tonga', '2022-04-20 06:28:33', '2022-04-20 06:28:33', NULL),
(236, 'TT', 'Trinidad and Tobago', '2022-04-20 06:28:33', '2022-04-20 06:28:33', NULL),
(237, 'TN', 'Tunisia', '2022-04-20 06:28:33', '2022-04-20 06:28:33', NULL),
(238, 'TR', 'Turkey', '2022-04-20 06:28:33', '2022-04-20 06:28:33', NULL),
(239, 'TM', 'Turkmenistan', '2022-04-20 06:28:33', '2022-04-20 06:28:33', NULL),
(240, 'TC', 'Turks and Caicos Islands', '2022-04-20 06:28:33', '2022-04-20 06:28:33', NULL),
(241, 'TV', 'Tuvalu', '2022-04-20 06:28:33', '2022-04-20 06:28:33', NULL),
(242, 'UM', 'U.S. Minor Outlying Islands', '2022-04-20 06:28:33', '2022-04-20 06:28:33', NULL),
(243, 'PU', 'U.S. Miscellaneous Pacific Islands', '2022-04-20 06:28:33', '2022-04-20 06:28:33', NULL),
(244, 'VI', 'U.S. Virgin Islands', '2022-04-20 06:28:33', '2022-04-20 06:28:33', NULL),
(245, 'UG', 'Uganda', '2022-04-20 06:28:33', '2022-04-20 06:28:33', NULL),
(246, 'UA', 'Ukraine', '2022-04-20 06:28:33', '2022-04-20 06:28:33', NULL),
(247, 'SU', 'Union of Soviet Socialist Republics', '2022-04-20 06:28:33', '2022-04-20 06:28:33', NULL),
(248, 'AE', 'United Arab Emirates', '2022-04-20 06:28:33', '2022-04-20 06:28:33', NULL),
(249, 'GB', 'United Kingdom', '2022-04-20 06:28:33', '2022-04-20 06:28:33', NULL),
(250, 'US', 'United States', '2022-04-20 06:28:33', '2022-04-20 06:28:33', NULL),
(251, 'ZZ', 'Unknown or Invalid Region', '2022-04-20 06:28:33', '2022-04-20 06:28:33', NULL),
(252, 'UY', 'Uruguay', '2022-04-20 06:28:33', '2022-04-20 06:28:33', NULL),
(253, 'UZ', 'Uzbekistan', '2022-04-20 06:28:33', '2022-04-20 06:28:33', NULL),
(254, 'VU', 'Vanuatu', '2022-04-20 06:28:33', '2022-04-20 06:28:33', NULL),
(255, 'VA', 'Vatican City', '2022-04-20 06:28:33', '2022-04-20 06:28:33', NULL),
(256, 'VE', 'Venezuela', '2022-04-20 06:28:33', '2022-04-20 06:28:33', NULL),
(257, 'VN', 'Vietnam', '2022-04-20 06:28:33', '2022-04-20 06:28:33', NULL),
(258, 'WK', 'Wake Island', '2022-04-20 06:28:33', '2022-04-20 06:28:33', NULL),
(259, 'WF', 'Wallis and Futuna', '2022-04-20 06:28:33', '2022-04-20 06:28:33', NULL),
(260, 'EH', 'Western Sahara', '2022-04-20 06:28:33', '2022-04-20 06:28:33', NULL),
(261, 'YE', 'Yemen', '2022-04-20 06:28:33', '2022-04-20 06:28:33', NULL),
(262, 'ZM', 'Zambia', '2022-04-20 06:28:33', '2022-04-20 06:28:33', NULL),
(263, 'ZW', 'Zimbabwe', '2022-04-20 06:28:33', '2022-04-20 06:28:33', NULL),
(264, 'AX', 'Åland Islands', '2022-04-20 06:28:33', '2022-04-20 06:28:33', NULL);

-- --------------------------------------------------------

--
-- Table structure for table `customers`
--

CREATE TABLE `customers` (
  `id` int(10) UNSIGNED NOT NULL,
  `first_name` varchar(191) COLLATE utf8mb4_unicode_ci NOT NULL,
  `last_name` varchar(191) COLLATE utf8mb4_unicode_ci NOT NULL,
  `address` varchar(191) COLLATE utf8mb4_unicode_ci DEFAULT NULL,
  `phone` varchar(191) COLLATE utf8mb4_unicode_ci DEFAULT NULL,
  `email` varchar(191) COLLATE utf8mb4_unicode_ci NOT NULL,
  `created_at` timestamp NULL DEFAULT NULL,
  `updated_at` timestamp NULL DEFAULT NULL,
  `deleted_at` timestamp NULL DEFAULT NULL,
  `country_id` int(10) UNSIGNED DEFAULT NULL
) ENGINE=InnoDB DEFAULT CHARSET=utf8mb4 COLLATE=utf8mb4_unicode_ci;

--
-- Dumping data for table `customers`
--

INSERT INTO `customers` (`id`, `first_name`, `last_name`, `address`, `phone`, `email`, `created_at`, `updated_at`, `deleted_at`, `country_id`) VALUES
(24, 'amandi', 'widanage', 'B 34/1, Yataththawala, Imbulgasdeniya', '+94719505180', 'ama10@gmail.com', '2022-04-26 08:24:34', '2022-05-12 01:24:46', NULL, 219),
(25, 'sam', 'jay', 'B 34/1, beach rd,negambo', '+94719505180', 'sam123@gmail.com', '2022-04-26 08:24:58', '2022-05-12 01:27:46', NULL, 217),
(26, 'Thisum', 'Widana', 'n0 13, ketaliya rd, padukka', '+94761201238', 'thisumwidana34@gmail.com', '2022-04-26 08:25:40', '2022-05-12 01:33:12', NULL, 219),
(27, 'Sama', 'Francis', '23/67 devon rd,kandy', '0775623023', 'sama0120@gmail.com', '2022-04-26 08:25:57', '2022-05-12 01:35:02', NULL, 219),
(28, 'keyla', 'gamage', 'no 17,wetlay rd,colombo', '0785201027', 'keyla09@gmail.com', '2022-04-26 08:27:39', '2022-05-12 02:05:19', NULL, 219),
(29, 'Rushan', 'Jayasundara', 'B 34/1, Yataththawala, Imbulgasdeniya', '+94719505180', 'rushanthasindu10@gmail.com', '2022-04-26 08:45:44', '2022-05-12 02:05:29', '2022-05-12 02:05:29', 219),
(30, 'Rushan', 'Jayasundara', 'B 34/1, Yataththawala, Imbulgasdeniya', '+94719505180', 'rushanthasindu10@gmail.com', '2022-04-26 08:46:20', '2022-05-12 02:05:45', '2022-05-12 02:05:45', 219),
(31, 'Rushan', 'Jayasundara', 'B 34/1, Yataththawala, Imbulgasdeniya', '+94719505180', 'rushanthasindu10@gmail.com', '2022-04-26 08:46:37', '2022-05-12 02:05:45', '2022-05-12 02:05:45', 219),
(32, 'Rushan', 'Jayasundara', 'B 34/1, Yataththawala, Imbulgasdeniya', '+94719505180', 'rushanthasindu10@gmail.com', '2022-04-26 08:47:45', '2022-05-12 02:05:45', '2022-05-12 02:05:45', 219),
(33, 'Rushan', 'Jayasundara', 'B 34/1, Yataththawala, Imbulgasdeniya', '+94719505180', 'rushanthasindu10@gmail.com', '2022-04-26 08:47:56', '2022-05-12 02:05:45', '2022-05-12 02:05:45', 219),
(34, 'Nadini', 'Bandara', 'No.26,Meerigama road,Warakapola', '0774923129', 'nadini@gmail.com', '2022-04-29 04:31:47', '2022-04-29 04:31:47', NULL, 219),
(35, 'Hasindu', 'Perera', 'No.117,Kurunegala Road,Rambukkana', '0769021038', 'hasindu@gmail.com', '2022-04-29 04:34:46', '2022-04-29 04:34:46', NULL, 219),
(36, 'weqwewe', 'dfdfgfdgf', 'ggdfgdfgfgdfhfhffghf', '0769021037', 'asdasdsad@gmail.com', '2022-04-29 04:35:32', '2022-04-29 04:35:41', '2022-04-29 04:35:41', 3),
(37, 'Saman', 'Pranandu', 'No.115,Kurunegala Road,Rambukkana', '0773246512', 'saman@gmail.com', '2022-04-29 04:37:24', '2022-04-29 04:37:44', NULL, 219),
(38, 'Janani', 'Amarasekara', 'No.20,Aramaya road,Warakapola', '0778123459', 'janani@gmail.com', '2022-04-29 11:36:47', '2022-04-29 11:36:47', NULL, 219),
(39, 'Gimhani', 'Balasooriya', 'No.126,Aramaya road,Warakapola', '0712235467', 'gimhani@gmail.com', '2022-04-29 11:38:09', '2022-04-29 11:38:09', NULL, 219),
(40, 'Amandi', 'Ishara', 'Ekkassa', '0712935825', 'amandiishara2@gmail.com', '2022-05-03 11:42:43', '2022-05-03 11:42:43', NULL, 219),
(41, 'Amandi', 'Ishara', 'Ekkassa', '071982562', 'amandiishara2@gmail.com', '2022-05-04 12:13:21', '2022-05-04 12:13:21', NULL, 219),
(42, 'devon', 'peris', 'B 34/1, Nawala Rd,Padukka', '0795236023', 'devon32@gmail.com', '2022-05-12 00:00:53', '2022-05-12 02:07:01', NULL, 219),
(43, 'Ashen', 'Jayasundara', 'B 1/34 Yataththawala Imbulgasdeniya', '711036260', 'ashenprabath31@gmail.com', '2022-05-26 06:36:27', '2022-05-26 06:36:27', NULL, 219),
(44, 'Saman', 'Jayawardhane', 'Kandy', '071695689', 'saman@gmail.com', '2022-05-31 03:29:51', '2022-05-31 03:29:51', NULL, 219),
(45, 'Amandi', 'Ishara', 'Ekkassa', '0712935825', 'amandiishara2@gmail.com', '2022-06-01 01:08:40', '2022-08-30 11:14:56', '2022-08-30 11:14:56', 73),
(46, 'Amandi', 'Ishara', 'Ekkassa', '0712935825', 'amandiishara2@gmail.com', '2022-06-01 01:08:40', '2022-08-30 11:15:03', '2022-08-30 11:15:03', 73),
(47, 'Amandi', 'Ishara', 'Ekkassa', '0712935825', 'amandiishara2@gmail.com', '2022-06-01 01:08:40', '2022-08-30 11:15:09', '2022-08-30 11:15:09', 73),
(48, 'Amandi', 'Ishara', 'Ekkassa', NULL, 'amandiishara2@gmail.com', '2022-06-01 03:30:26', '2022-06-01 03:30:26', NULL, 1),
(49, 'Amandi', 'Ishara', 'Ekkassa', NULL, 'amandiishara2@gmail.com', '2022-06-01 03:30:26', '2022-06-01 03:30:26', NULL, 1),
(50, 'Amandi', 'Ishara', 'Ekkassa', NULL, 'amandiishara2@gmail.com', '2022-06-01 03:30:59', '2022-06-01 03:30:59', NULL, 1),
(51, 'Amandi', 'Ishara', 'Ekkassa', '0712935825', 'amandiishara2@gmail.com', '2022-06-01 08:17:00', '2022-06-01 08:17:00', NULL, NULL),
(52, 'pasan', 'hapugoda', 'narawala road poddala galle', '0775322942', 'admin@gmail.com', '2022-06-02 01:00:19', '2022-06-02 01:00:19', NULL, 4),
(53, 'dilshan', 'sasanka', 'galle', '0712277881', 'dilshan46@gmail.com', '2022-08-26 04:09:02', '2022-08-26 04:09:10', '2022-08-26 04:09:10', 219);

-- --------------------------------------------------------

--
-- Table structure for table `items`
--

CREATE TABLE `items` (
  `id` int(10) UNSIGNED NOT NULL,
  `name` varchar(191) COLLATE utf8mb4_unicode_ci NOT NULL,
  `description` text COLLATE utf8mb4_unicode_ci NOT NULL,
  `model` varchar(191) COLLATE utf8mb4_unicode_ci NOT NULL,
  `brand` varchar(191) COLLATE utf8mb4_unicode_ci NOT NULL,
  `serialNo` varchar(191) COLLATE utf8mb4_unicode_ci NOT NULL,
  `supplierId` int(10) UNSIGNED NOT NULL,
  `roomId` int(10) UNSIGNED NOT NULL,
  `created_at` timestamp NULL DEFAULT NULL,
  `updated_at` timestamp NULL DEFAULT NULL
) ENGINE=InnoDB DEFAULT CHARSET=utf8mb4 COLLATE=utf8mb4_unicode_ci;

--
-- Dumping data for table `items`
--

INSERT INTO `items` (`id`, `name`, `description`, `model`, `brand`, `serialNo`, `supplierId`, `roomId`, `created_at`, `updated_at`) VALUES
(3, 'AC', 'Automatically switches to the most appropriate cooling mode based on preferred temperature', 'AC001', 'Samsung', 'AC003', 1, 30, '2022-08-02 23:28:49', '2022-08-30 04:57:10'),
(4, 'AC', 'Includes Fast and Normal cooling to maintain optimal room temperature to keep you feeling comfortable.', 'AC001', 'Samsung', 'AC001', 2, 16, '2022-08-05 15:25:11', '2022-08-30 11:20:01'),
(5, 'AC', 'Description', 'SM001', 'Samsung', 'AC002', 2, 28, '2022-08-25 23:47:51', '2022-08-30 04:57:44'),
(6, 'AC', 'Automatically switches to the most appropriate cooling mode based on preferred temperature and outside temperature. Includes Fast and Normal cooling to maintain optimal room temperature to keep you feeling comfortable.', 'Ac003', 'samsung', 'AC004', 2, 36, '2022-08-30 04:41:40', '2022-08-30 11:19:39'),
(7, 'TV', 'Samsung UA65TUE60AK 65 inch LED 4K TV', 'UA65TUE60AK', 'samsung', 'TV01', 1, 16, '2022-08-30 05:03:51', '2022-08-30 05:03:51'),
(8, 'TV', 'Samsung UA50TUE60AK 50 inch LED 4K TV', 'UA50TUE60AK', 'Samsung', 'TV02', 1, 16, '2022-08-30 05:22:26', '2022-08-30 05:22:26'),
(9, 'AC', 'Select and change the temperature mode as Auto, Cool, Heat, Dry, Fan. Auto, Cool, Heat: Adjust by 1 ℃ from 16 ℃ to 30 ℃. Dry: Adjust by 1 ℃ from 18 ℃ to 30 ℃. Fan: No temperature control', 'SM001', 'samsung', 'AC005', 2, 37, '2022-08-30 05:25:08', '2022-08-30 05:25:08'),
(10, 'TV', 'Samsung UA43TUE60FK 43 inch LED 4K TV', 'UA43TUE60FK', 'samsung', 'TV03', 2, 30, '2022-08-30 05:30:42', '2022-08-30 05:30:42'),
(11, 'TV', 'Samsung UA65TUE60AK 65 inch LED 4K TV', 'UA43TUE60FK', 'samsung', 'TV04', 2, 36, '2022-08-30 05:31:30', '2022-08-30 05:31:30'),
(12, 'TV', 'Samsung UA65TUE60AK 65 inch LED 4K TV', 'UA65TUE60AK', 'samsung', 'TV05', 2, 37, '2022-08-30 05:33:21', '2022-08-30 05:33:21'),
(13, 'Filters', 'Hayward DE6020 ProGrid D.E. Pool Filter.', 'Filter12', 'Singer', 'Filter01', 2, 42, '2022-08-30 05:39:01', '2022-08-30 05:39:34'),
(14, 'Pool Pumps', 'Pool pumper', 'a123', 'Singer', 'poolpump1', 2, 42, '2022-08-30 07:17:27', '2022-08-30 07:17:27'),
(15, 'watering tool', 'A Self-Propelling Sprinkler,\r\nA Rain Barrel,\r\nA Multipurpose Hose Nozzle,\r\nThe Water Blossom', 'gar1', 'Singer', 'garden1', 2, 45, '2022-08-30 07:34:07', '2022-08-30 07:34:07'),
(16, 'Kitchen tools', 'Knives.\r\nCutting Boards. \r\nMixing Bowls. \r\nMeasuring Cups & Spoons. \r\nCan Opener. \r\nColander. \r\nVegetable Peeler', 'kitchen1', 'Singer', 'kitechen01', 2, 43, '2022-08-30 07:46:07', '2022-08-30 07:46:07');

-- --------------------------------------------------------

--
-- Table structure for table `migrations`
--

CREATE TABLE `migrations` (
  `id` int(10) UNSIGNED NOT NULL,
  `migration` varchar(191) COLLATE utf8mb4_unicode_ci NOT NULL,
  `batch` int(11) NOT NULL
) ENGINE=InnoDB DEFAULT CHARSET=utf8mb4 COLLATE=utf8mb4_unicode_ci;

--
-- Dumping data for table `migrations`
--

INSERT INTO `migrations` (`id`, `migration`, `batch`) VALUES
(1, '2014_10_12_100000_create_password_resets_table', 1),
(2, '2018_01_23_191448_create_1516727688_roles_table', 1),
(3, '2018_01_23_191453_create_1516727692_users_table', 1),
(4, '2018_01_23_191454_add_5a676d8f84952_relationships_to_user_table', 1),
(5, '2018_01_23_191536_create_1516727736_countries_table', 1),
(6, '2018_01_23_192021_create_1516728020_customers_table', 1),
(7, '2018_01_23_192022_add_5a676ed766f5b_relationships_to_customer_table', 1),
(8, '2018_01_23_192145_create_1516728105_rooms_table', 1),
(9, '2018_01_23_192345_create_1516728224_bookings_table', 1),
(10, '2018_01_23_192346_add_5a676fa3e3cd8_relationships_to_booking_table', 1),
(11, '2018_01_23_192755_add_5a67709b89c38_relationships_to_booking_table', 1),
(12, '2018_01_23_192910_add_5a6770e6b5767_relationships_to_customer_table', 1),
(13, '2019_05_11_143908_create_categories_table', 1),
(14, '2019_05_11_144019_add_category_rooms', 1),
(15, '2022_07_28_095809_create_suppliers_table', 1),
(16, '2022_07_29_084153_create_items_table', 1),
(19, '2022_08_03_191723_create_cleans_table', 2),
(20, '2022_08_05_211112_create_services_table', 3);

-- --------------------------------------------------------

--
-- Table structure for table `password_resets`
--

CREATE TABLE `password_resets` (
  `email` varchar(191) COLLATE utf8mb4_unicode_ci NOT NULL,
  `token` varchar(191) COLLATE utf8mb4_unicode_ci NOT NULL,
  `created_at` timestamp NULL DEFAULT NULL
) ENGINE=InnoDB DEFAULT CHARSET=utf8mb4 COLLATE=utf8mb4_unicode_ci;

-- --------------------------------------------------------

--
-- Table structure for table `roles`
--

CREATE TABLE `roles` (
  `id` int(10) UNSIGNED NOT NULL,
  `title` varchar(191) COLLATE utf8mb4_unicode_ci NOT NULL,
  `created_at` timestamp NULL DEFAULT NULL,
  `updated_at` timestamp NULL DEFAULT NULL
) ENGINE=InnoDB DEFAULT CHARSET=utf8mb4 COLLATE=utf8mb4_unicode_ci;

--
-- Dumping data for table `roles`
--

INSERT INTO `roles` (`id`, `title`, `created_at`, `updated_at`) VALUES
(1, 'Administrator (can create other users)', '2022-04-20 06:28:33', '2022-04-20 06:28:33'),
(2, 'Simple user', '2022-04-20 06:28:33', '2022-04-20 06:28:33'),
(4, 'cleaner', '2022-08-26 04:04:55', '2022-08-26 04:04:55'),
(5, 'Garden cleaner', '2022-08-30 04:25:04', '2022-08-30 04:25:04'),
(6, 'Pool cleaner', '2022-08-30 04:25:21', '2022-08-30 04:25:21');

-- --------------------------------------------------------

--
-- Table structure for table `rooms`
--

CREATE TABLE `rooms` (
  `id` int(10) UNSIGNED NOT NULL,
  `room_number` varchar(191) COLLATE utf8mb4_unicode_ci NOT NULL,
  `floor` int(11) DEFAULT NULL,
  `image` varchar(191) COLLATE utf8mb4_unicode_ci NOT NULL,
  `price` varchar(191) COLLATE utf8mb4_unicode_ci NOT NULL,
  `guestCount` int(11) NOT NULL,
  `cardId` varchar(191) COLLATE utf8mb4_unicode_ci NOT NULL,
  `description` text COLLATE utf8mb4_unicode_ci DEFAULT NULL,
  `created_at` timestamp NULL DEFAULT NULL,
  `updated_at` timestamp NULL DEFAULT NULL,
  `deleted_at` timestamp NULL DEFAULT NULL,
  `category_id` int(10) UNSIGNED DEFAULT NULL
) ENGINE=InnoDB DEFAULT CHARSET=utf8mb4 COLLATE=utf8mb4_unicode_ci;

--
-- Dumping data for table `rooms`
--

INSERT INTO `rooms` (`id`, `room_number`, `floor`, `image`, `price`, `guestCount`, `cardId`, `description`, `created_at`, `updated_at`, `deleted_at`, `category_id`) VALUES
(1, '001', 3, 'images/3A4GTuYYGn7TccYGDyAszKNZUQsBjgJPV8E8D98F.jpeg', '888', 1, '11', 'fgd', '2022-04-20 06:42:08', '2022-04-29 11:38:55', '2022-04-29 11:38:55', 2),
(16, 'Room001', 1, 'images/3NJucfQwcPqCElx9BoQd4GsxMy8x6fzg7zx67Tx4.jpeg', 'Rs.1000', 2, 'D13B4220', '2 AC,2 Beds,1 washroom', '2022-04-20 07:20:04', '2022-08-30 04:26:39', NULL, 2),
(17, '001', 2, 'images/5QEppq4jITXteLBzYxjdSp45Vu2vqUkLf3Fpofp0.jpeg', '150', 3, '1111', 'fvxscfvxc', '2022-04-22 19:55:43', '2022-04-29 11:39:02', '2022-04-29 11:39:02', 2),
(18, '001', 3, 'images/5sFmVGH0jwMx5ay9EWX4jdLPdfzy0GpDDAecK1MX.jpeg', '150', 3, '434343', 'edsf', '2022-04-24 02:22:53', '2022-04-29 04:41:28', '2022-04-29 04:41:28', 3),
(19, '001', 3, 'images/6PVMxDcCqbf9gIdpLrF177hBcwXR4w2mWXpd68ST.jpeg', '150', 3, '434343', 'What is Lorem Ipsum?\nLorem Ipsum is simply dummy text of the printing and typesetting industry. Lorem Ipsum has been the industry\'s standard dummy text ever since the 1500s, when an unknown printer took a galley of type and scrambled it to make a type specimen book. It has survived not only five centuries, but also the leap into electronic typesetting, remaining essentially unchanged. It was popularised in the 1960s with the release of Letraset sheets containing Lorem Ipsum passages, and more recently with desktop publishing software like Aldus PageMaker including versions of Lorem Ipsum.\n\nWhy do we use it?\nIt is a long established fact that a reader will be distracted by the readable content of a page when looking at its layout. The point of using Lorem Ipsum is that it has a more-or-less normal distribution of letters, as opposed to using \'Content here, content here\', making it look like readable English. Many desktop publishing packages and web page editors now use Lorem Ipsum as their default model text, and a search for \'lorem ipsum\' will uncover many web sites still in their infancy. Various versions have evolved over the years, sometimes by accident, sometimes on purpose (injected humour and the like).\n\n\nWhere does it come from?\nContrary to popular belief, Lorem Ipsum is not simply random text. It has roots in a piece of classical Latin literature from 45 BC, making it over 2000 years old. Richard McClintock, a Latin professor at Hampden-Sydney College in Virginia, looked up one of the more obscure Latin words, consectetur, from a Lorem Ipsum passage, and going through the cites of the word in classical literature, discovered the undoubtable source. Lorem Ipsum comes from sections 1.10.32 and 1.10.33 of \"de Finibus Bonorum et Malorum\" (The Extremes of Good and Evil) by Cicero, written in 45 BC. This book is a treatise on the theory of ethics, very popular during the Renaissance. The first line of Lorem Ipsum, \"Lorem ipsum dolor sit amet..\", comes from a line in section 1.10.32.\n\nThe standard chunk of Lorem Ipsum used since the 1500s is reproduced below for those interested. Sections 1.10.32 and 1.10.33 from \"de Finibus Bonorum et Malorum\" by Cicero are also reproduced in their exact original form, accompanied by English versions from the 1914 translation by H. Rackham.', '2022-04-24 02:23:07', '2022-04-24 02:23:14', '2022-04-24 02:23:14', 3),
(20, '002', 4, 'images/7vAhnZ9VsF36CivcWTGqopf7qBOvJZbJv4hpCgOD.jpeg', '20000.00', 1, '12345', 'dfhadgjkfhgjkghfdjgkdfngjdbvdcvnflkhjkdhfdjbhsahagstghrjkdjteuiyygahfjdfngmdcnvhjcbhxvbndxfkndsdhgdhf', '2022-04-29 04:40:46', '2022-04-29 11:39:07', '2022-04-29 11:39:07', 2),
(21, '005', 2, 'images/78Bx0jUOugpc8lxVOrGd8Hb7rt1NgCYstPVMpVae.jpeg', '50000.00', 2, '466565', 'gfdgfgkfdsnhjkhngjsdjkfnjkfjkhsjkfshjkfhdjkghjkfjafklvkmcncjknfdjhifhutryetreiuahjsoixfkcjmvlcjhdiudhreuiashioszjdxkcgjfiuheuihd', '2022-04-29 04:48:29', '2022-04-29 11:39:12', '2022-04-29 11:39:12', 3),
(22, '006', 1, 'images/Bs8OVYYdonv36uZs77OonkKaH4Q3n0pRCnrkHOmw.jpeg', '25000.00', 1, '34543646', 'ssfgubhfufhsuiyteugqwuygdhsbcxhjnc bnzdhfbsdhdasgsahgajfdhgdckjnvkjdsndkahrwuywgeuwajhbjxfbxmdbshjrebhwjegawhsdbxjhfbsdhj', '2022-04-29 05:12:32', '2022-04-29 11:39:17', '2022-04-29 11:39:17', 2),
(23, '007', 6, 'images/FlyHxOYOu4lcqUVDCBfpBipJqO7x4d1c7bFYfbQ8.jpeg', '50000.00', 2, '1234356', 'fjsdhgjkghdfjkddfguithyuirheuirhsdfjkxcnvjkxcnvcjkghdiufjsdoideawuioqruwiofdjkvcnjvbasdjhQIUEHWURIHESDJKNSDJKANSAUHERUIHANFJSNBM', '2022-04-29 05:14:00', '2022-04-29 11:38:51', '2022-04-29 11:38:51', 1),
(24, '002', 1, 'images/FQbAF2r6uVnkv5MxkQm1muk9GdfSAxxYbzyWcq9q.jpeg', '30000.00', 1, '13B4220', 'Very comfortable bed room with a attached bathroom. Free Wi-Fi. A/C available', '2022-04-29 11:46:31', '2022-06-02 02:03:47', '2022-06-02 02:03:47', 2),
(25, '003', 1, 'images/fUr58W8kzob3JufkZqPWFqag1nlWwUxnSJsoLt2e.jpeg', '60000.00', 2, '0103', 'Two beds. Free Wi-Fi. Attached bathroom. A/C available', '2022-04-29 11:49:21', '2022-08-14 06:20:28', '2022-08-14 06:20:28', 3),
(26, '004', 1, 'images/Gar0D72JsH543hTHcguHYdF2RjPv6lHeW3ujUg4Q.jpeg', '40000.00', 1, '0104', 'A/C available. Free Wi-Fi. Attached bathroom. Single bed', '2022-04-29 11:52:50', '2022-08-14 06:20:24', '2022-08-14 06:20:24', 1),
(27, '001', 2, 'images/gen83xci4VZpB0bGNJKOlyd6dyp4Z6tLzvjB1DaL.jpeg', '30000.00', 1, '0201', 'Very comfortable bed room with a attached bathroom. Free Wi-Fi. A/C available', '2022-04-29 12:49:29', '2022-06-02 00:52:02', '2022-06-02 00:52:02', 2),
(28, 'Room002', 2, 'images/ghSiyLFueuEG1s9N5Zkgodb3oTePaVSzv00WO4aI.jpeg', '50000.00', 2, '0202', 'Very comfortable bed room with a attached bathroom. Free Wi-Fi. A/C available. Two beds', '2022-04-29 12:51:19', '2022-08-30 04:26:54', NULL, 3),
(29, '003', 2, 'images/gXWZ76d9qSlqtUK7WlkOG0C6PtBR1Y9qa8jOHstR.jpeg', '35000.00', 1, '0203', 'Very comfortable luxury bed room with a attached bathroom. Free Wi-Fi. A/C available', '2022-04-29 12:53:15', '2022-08-30 03:02:09', '2022-08-30 03:02:09', 1),
(30, 'Room003', 2, 'images/JJyxpVFxXqaBjuuYwhMHSkAyndwgoniER8s8AcLG.jpeg', '35000.00', 1, '0204', 'A/C available. Free Wi-Fi. Attached bathroom. Single bed', '2022-04-29 12:54:45', '2022-08-30 04:27:12', NULL, 2),
(31, '001', 3, 'images/KeIUmehJvHFjCY4cEc7AXrbsNHrvEbfOqmYTaf1b.jpeg', '20000.00', 1, '0301', 'A/C available. Free Wi-Fi. Attached bathroom. Single bed', '2022-04-29 12:56:03', '2022-08-14 06:20:36', '2022-08-14 06:20:36', 2),
(32, '002', 3, 'images/L20GmK2nJDYHv60Y6dKmInSoh41eA0G1lv2ChaQl.jpeg', '40000.00', 2, '0302', 'A/C available. Free Wi-Fi. Attached bathroom. double bed', '2022-04-29 12:57:34', '2022-08-14 06:20:41', '2022-08-14 06:20:41', 3),
(33, '003', 3, 'images/LMMbp2HMVLmhPcYITPv5jSYvDjGZGrA4OkhyPBdH.jpeg', '60000.00', 3, '0303', 'Very comfortable luxury bed room with a attached bathroom. Free Wi-Fi. A/C available.3 beds', '2022-04-29 14:08:09', '2022-08-14 06:21:09', '2022-08-14 06:21:09', 4),
(34, '004', 3, 'images/ndjTPmWL42VWCasoqRFGpGgS2el2HeAwdR8HeCg0.jpeg', '25000.00', 1, '0304', 'Very comfortable luxury bed room with a attached bathroom. Free Wi-Fi. A/C available', '2022-04-29 14:09:31', '2022-08-14 06:21:04', '2022-08-14 06:21:04', 2),
(35, '65767', 2, 'images/NFcWXNyIqRrAjQKBOkTZ9OPmGbfjARqaA3ACmJpk.jpeg', '150', 1, '11', 'dfgtfd', '2022-05-11 05:16:23', '2022-08-14 06:21:00', '2022-08-14 06:21:00', 1),
(36, 'Room004', 2, 'images/UHlRsUcKWrqIwApZ1Uh58hLprCxVGJ2UKvz1IKKM.webp', 'Rs.10000', 2, '1234', '1 Ac\r\n2 beds\r\n1 washroom', '2022-08-29 23:18:54', '2022-08-30 04:27:40', NULL, 3),
(37, 'Room005', 2, 'images/fOGTsUXqkp9DEl7OKUPcZKMSteSYqaPZ0JNwCraa.jpeg', 'Rs.5000', 2, '156', '1 double bed,1 washroom,1 AC', '2022-08-29 23:24:51', '2022-08-30 04:28:09', NULL, 3),
(38, 'Room006', 1, 'images/ToVnUD5hhhVoeCTYR4yT8zTtFCAXFFs7omLy38xM.jpeg', 'Rs.9000', 2, '176', '2 Beds,1 AC,1 washroom', '2022-08-29 23:27:44', '2022-08-30 04:29:17', NULL, 3),
(39, 'Room007', 2, 'images/wcB7J9Vn1K3BUWGyRu5xjHr6UZgymS6zkXlfbKNV.jpeg', 'Rs.5000', 4, '156', '2 double beds,2 washrooms,2 AC', '2022-08-29 23:29:47', '2022-08-30 04:29:02', NULL, 5),
(40, 'Room008', 2, 'images/iElpeIHKozLM6rU1CbCguWeUAvCzPO2JQXYAVtR7.jpeg', 'Rs.1000', 2, '189', 'Very  comfortable beds,2 AC,2 washrooms', '2022-08-29 23:32:31', '2022-08-30 04:29:38', NULL, 1),
(41, 'Room009', 2, 'images/wVNKCyJHRBYZu3sVHOeMVf5j6MW4u2tRra8bKJoR.jpeg', 'Rs.5000', 3, '190', '3 single beds,1 washroom', '2022-08-29 23:35:24', '2022-08-30 04:30:05', NULL, 4),
(42, 'Swimming Pool', NULL, 'images/BfLIweIQKHIFfRTEocn6juSfmQOuIDV45pWLaZdB.jpeg', '500', 4, '001', 'Main Pool', '2022-08-30 02:54:55', '2022-08-30 04:32:21', NULL, 12),
(43, 'Kitchen', NULL, 'images/TnlfxD6ADB6EViDkuKLeqG2H3xmCCapArt1vJ2B0.webp', '0', 0, '1900', 'Main Kitchen', '2022-08-30 04:31:49', '2022-08-30 04:32:39', NULL, 12),
(44, 'Room 11', 1, 'images/2bhJGxGY5I68YB2n1BUyHz8B5qgHJ4Osz4kwOLiL.jpeg', 'Rs.9000', 4, '167', '1 AC,1 washroom,2 Beds', '2022-08-30 04:33:45', '2022-08-30 05:05:50', '2022-08-30 05:05:50', 5),
(45, 'Garden', NULL, 'images/RQOrB4KI4DIoEoAABo5rQW5zCKKzdtdxQU3cDFtt.jpeg', '0', 0, '1', 'Area 12', '2022-08-30 07:28:35', '2022-08-30 07:28:35', NULL, 12),
(46, 'Laundry', NULL, 'images/DAxOXQBTKvOyER0hLDNxPnCoOThPu8UULrJKUS3H.jpeg', '0', 0, 'L12', 'Laundry machine', '2022-08-30 07:31:03', '2022-08-30 07:31:03', NULL, 12);

-- --------------------------------------------------------

--
-- Table structure for table `services`
--

CREATE TABLE `services` (
  `id` int(10) UNSIGNED NOT NULL,
  `item_id` int(10) UNSIGNED NOT NULL,
  `comment` varchar(191) COLLATE utf8mb4_unicode_ci NOT NULL,
  `status` varchar(191) COLLATE utf8mb4_unicode_ci NOT NULL DEFAULT 'PENDING',
  `created_at` timestamp NULL DEFAULT NULL,
  `updated_at` timestamp NULL DEFAULT NULL
) ENGINE=InnoDB DEFAULT CHARSET=utf8mb4 COLLATE=utf8mb4_unicode_ci;

--
-- Dumping data for table `services`
--

INSERT INTO `services` (`id`, `item_id`, `comment`, `status`, `created_at`, `updated_at`) VALUES
(1, 3, 'rgdfg fdgdfsg fgdhtgrtyr fgdhdgh fdg fghfghdfg fghfgh', 'PENDING', '2022-08-04 07:27:39', NULL),
(2, 4, 'rgdfg fdgdfsg fgdhtgrtyr fgdhdgh fdg fghfghdfg fghfgh', 'PENDING', '2022-08-31 07:27:43', NULL),
(3, 4, 'dsfsdffsdf', 'PENDING', '2022-08-13 02:04:07', '2022-08-13 02:04:07'),
(4, 4, 'Test', 'PENDING', '2022-08-14 06:49:12', '2022-08-14 06:49:12'),
(5, 5, 'test', 'PENDING', '2022-08-25 23:49:33', '2022-08-25 23:49:33'),
(6, 3, 'maintains', 'PENDING', '2022-08-26 04:35:23', '2022-08-26 04:35:23'),
(7, 3, 'as', 'PENDING', '2022-08-26 09:51:05', '2022-08-26 09:51:05'),
(8, 5, 'maintain the TV', 'PENDING', '2022-08-30 00:31:04', '2022-08-30 00:31:04'),
(9, 4, 'service the AC', 'PENDING', '2022-08-30 11:16:56', '2022-08-30 11:16:56'),
(10, 4, 'service the ac', 'PENDING', '2022-08-30 11:20:35', '2022-08-30 11:20:35'),
(11, 4, 'clean', 'PENDING', '2022-08-31 00:33:18', '2022-08-31 00:33:18');

-- --------------------------------------------------------

--
-- Table structure for table `suppliers`
--

CREATE TABLE `suppliers` (
  `id` int(10) UNSIGNED NOT NULL,
  `name` varchar(191) COLLATE utf8mb4_unicode_ci NOT NULL,
  `address` varchar(191) COLLATE utf8mb4_unicode_ci NOT NULL,
  `contactNo` varchar(191) COLLATE utf8mb4_unicode_ci NOT NULL,
  `email` varchar(191) COLLATE utf8mb4_unicode_ci NOT NULL,
  `created_at` timestamp NULL DEFAULT NULL,
  `updated_at` timestamp NULL DEFAULT NULL
) ENGINE=InnoDB DEFAULT CHARSET=utf8mb4 COLLATE=utf8mb4_unicode_ci;

--
-- Dumping data for table `suppliers`
--

INSERT INTO `suppliers` (`id`, `name`, `address`, `contactNo`, `email`, `created_at`, `updated_at`) VALUES
(1, 'Rushan Thasindu Jayasundara', 'B 34/1, Yataththawala, Imbulgasdeniya', '0119509', 'rushanthasindu10@gmail.com', '2022-07-29 11:02:21', '2022-07-29 11:50:05'),
(2, 'apna', 'Renda gedara watta ,Baddegama', '0763797956', 'mapalagamageethmi@gmail.com', '2022-08-25 23:45:56', '2022-08-25 23:45:56'),
(7, 'dilshan', 'Dissanayaka place,No 01', '0763797952', 'dilshan46@gmail.com', '2022-08-30 07:50:26', '2022-08-30 07:50:26');

-- --------------------------------------------------------

--
-- Table structure for table `users`
--

CREATE TABLE `users` (
  `id` int(10) UNSIGNED NOT NULL,
  `name` varchar(191) COLLATE utf8mb4_unicode_ci NOT NULL,
  `email` varchar(191) COLLATE utf8mb4_unicode_ci NOT NULL,
  `password` varchar(191) COLLATE utf8mb4_unicode_ci NOT NULL,
  `remember_token` varchar(191) COLLATE utf8mb4_unicode_ci DEFAULT NULL,
  `created_at` timestamp NULL DEFAULT NULL,
  `updated_at` timestamp NULL DEFAULT NULL,
  `role_id` int(10) UNSIGNED DEFAULT NULL
) ENGINE=InnoDB DEFAULT CHARSET=utf8mb4 COLLATE=utf8mb4_unicode_ci;

--
-- Dumping data for table `users`
--

INSERT INTO `users` (`id`, `name`, `email`, `password`, `remember_token`, `created_at`, `updated_at`, `role_id`) VALUES
(1, 'Admin', 'admin@admin.com', '$2y$10$akHCvTRpvma2eB8VOqUEoOtpWEelS2/e2TZK3LJyfLxuvw8MrQxVq', 'YwJmnZ9Z75HVNuiOVQlTgsH3FzxCScqvRJHDXXAxSCyBEvwtEnXxdugajqE9', '2022-04-17 07:49:35', '2022-04-17 07:49:35', 1),
(5, 'Jhon', 'jhon@gmail.com', '$2y$10$knNC2oeO2Z7VvTsQdY6L3.BswTcsGHsABU35/zivnYA7O9GJy0Nq.', NULL, '2022-04-29 01:22:19', '2022-04-29 01:22:19', 2),
(24, 'apna', 'apnageethmi9090@gmail.com', '$2y$10$RqFmEZ0PHwzVws8L9.3ayeVDgIwVLgyu15dYxnGXKxA4F3jUSEwmi', 'vHE6ekfj22gFTdonkGJjnHMtyvzQX4LIk88satczdzPwiK65aKmiAg8If8YG', '2022-08-14 06:19:10', '2022-08-30 11:47:38', 4),
(25, 'sapna', 'sapnasupunsara@gmail.com', '$2y$10$PB2nbIIsarbXYW0U8CLJSurwGJ7A7WRpIgmN2o.oBsYKFVh8PVQ0S', NULL, '2022-08-26 04:05:28', '2022-08-26 04:05:28', 4),
(26, 'Diyon', 'dilshan46@gmail.com', '$2y$10$/ItipZwNDaUDciU5rutZd.RjQFWnG.K7/aA8imsI.5BD5K6sgpWO6', NULL, '2022-08-30 04:26:12', '2022-08-30 04:26:12', 5),
(27, 'geethmi', 'mapalagamageethmi@gmail.com', '$2y$10$VAARQemfLj3BOJAd.Bgvv.re/TxwWwTqRR/cMoeOLLL.pixfv1zyO', 'Pn9CHcW6NMIY5M3L9iyFMAFcrg5z1RKnaC6Nqw2iodtpqKc21odvKUujSH1N', '2022-08-31 00:29:48', '2022-08-31 00:29:48', 4);

--
-- Indexes for dumped tables
--

--
-- Indexes for table `bookings`
--
ALTER TABLE `bookings`
  ADD PRIMARY KEY (`id`),
  ADD KEY `bookings_deleted_at_index` (`deleted_at`),
  ADD KEY `110461_5a676fa2321c7` (`customer_id`),
  ADD KEY `110461_5a676fa239ffd` (`room_id`);

--
-- Indexes for table `categories`
--
ALTER TABLE `categories`
  ADD PRIMARY KEY (`id`);

--
-- Indexes for table `cleans`
--
ALTER TABLE `cleans`
  ADD PRIMARY KEY (`id`),
  ADD KEY `cleans_user_id_foreign` (`user_id`),
  ADD KEY `cleans_room_id_foreign` (`room_id`);

--
-- Indexes for table `countries`
--
ALTER TABLE `countries`
  ADD PRIMARY KEY (`id`),
  ADD KEY `countries_deleted_at_index` (`deleted_at`);

--
-- Indexes for table `customers`
--
ALTER TABLE `customers`
  ADD PRIMARY KEY (`id`),
  ADD KEY `customers_deleted_at_index` (`deleted_at`),
  ADD KEY `110459_5a676ed5d9792` (`country_id`);

--
-- Indexes for table `items`
--
ALTER TABLE `items`
  ADD PRIMARY KEY (`id`),
  ADD UNIQUE KEY `items_serialno_unique` (`serialNo`),
  ADD KEY `items_supplierid_foreign` (`supplierId`),
  ADD KEY `items_roomid_foreign` (`roomId`);

--
-- Indexes for table `migrations`
--
ALTER TABLE `migrations`
  ADD PRIMARY KEY (`id`);

--
-- Indexes for table `password_resets`
--
ALTER TABLE `password_resets`
  ADD KEY `password_resets_email_index` (`email`);

--
-- Indexes for table `roles`
--
ALTER TABLE `roles`
  ADD PRIMARY KEY (`id`);

--
-- Indexes for table `rooms`
--
ALTER TABLE `rooms`
  ADD PRIMARY KEY (`id`),
  ADD KEY `rooms_deleted_at_index` (`deleted_at`),
  ADD KEY `rooms_category_id_foreign` (`category_id`);

--
-- Indexes for table `services`
--
ALTER TABLE `services`
  ADD PRIMARY KEY (`id`),
  ADD KEY `services_item_id_foreign` (`item_id`);

--
-- Indexes for table `suppliers`
--
ALTER TABLE `suppliers`
  ADD PRIMARY KEY (`id`),
  ADD UNIQUE KEY `suppliers_contactno_unique` (`contactNo`),
  ADD UNIQUE KEY `suppliers_email_unique` (`email`);

--
-- Indexes for table `users`
--
ALTER TABLE `users`
  ADD PRIMARY KEY (`id`),
  ADD KEY `110457_5a676d8ddf4c7` (`role_id`);

--
-- AUTO_INCREMENT for dumped tables
--

--
-- AUTO_INCREMENT for table `bookings`
--
ALTER TABLE `bookings`
  MODIFY `id` int(10) UNSIGNED NOT NULL AUTO_INCREMENT, AUTO_INCREMENT=43;

--
-- AUTO_INCREMENT for table `categories`
--
ALTER TABLE `categories`
  MODIFY `id` int(10) UNSIGNED NOT NULL AUTO_INCREMENT, AUTO_INCREMENT=13;

--
-- AUTO_INCREMENT for table `cleans`
--
ALTER TABLE `cleans`
  MODIFY `id` int(10) UNSIGNED NOT NULL AUTO_INCREMENT, AUTO_INCREMENT=32;

--
-- AUTO_INCREMENT for table `countries`
--
ALTER TABLE `countries`
  MODIFY `id` int(10) UNSIGNED NOT NULL AUTO_INCREMENT, AUTO_INCREMENT=265;

--
-- AUTO_INCREMENT for table `customers`
--
ALTER TABLE `customers`
  MODIFY `id` int(10) UNSIGNED NOT NULL AUTO_INCREMENT, AUTO_INCREMENT=54;

--
-- AUTO_INCREMENT for table `items`
--
ALTER TABLE `items`
  MODIFY `id` int(10) UNSIGNED NOT NULL AUTO_INCREMENT, AUTO_INCREMENT=17;

--
-- AUTO_INCREMENT for table `migrations`
--
ALTER TABLE `migrations`
  MODIFY `id` int(10) UNSIGNED NOT NULL AUTO_INCREMENT, AUTO_INCREMENT=21;

--
-- AUTO_INCREMENT for table `roles`
--
ALTER TABLE `roles`
  MODIFY `id` int(10) UNSIGNED NOT NULL AUTO_INCREMENT, AUTO_INCREMENT=7;

--
-- AUTO_INCREMENT for table `rooms`
--
ALTER TABLE `rooms`
  MODIFY `id` int(10) UNSIGNED NOT NULL AUTO_INCREMENT, AUTO_INCREMENT=47;

--
-- AUTO_INCREMENT for table `services`
--
ALTER TABLE `services`
  MODIFY `id` int(10) UNSIGNED NOT NULL AUTO_INCREMENT, AUTO_INCREMENT=12;

--
-- AUTO_INCREMENT for table `suppliers`
--
ALTER TABLE `suppliers`
  MODIFY `id` int(10) UNSIGNED NOT NULL AUTO_INCREMENT, AUTO_INCREMENT=8;

--
-- AUTO_INCREMENT for table `users`
--
ALTER TABLE `users`
  MODIFY `id` int(10) UNSIGNED NOT NULL AUTO_INCREMENT, AUTO_INCREMENT=28;

--
-- Constraints for dumped tables
--

--
-- Constraints for table `bookings`
--
ALTER TABLE `bookings`
  ADD CONSTRAINT `110461_5a676fa2321c7` FOREIGN KEY (`customer_id`) REFERENCES `customers` (`id`) ON DELETE CASCADE,
  ADD CONSTRAINT `110461_5a676fa239ffd` FOREIGN KEY (`room_id`) REFERENCES `rooms` (`id`) ON DELETE CASCADE;

--
-- Constraints for table `cleans`
--
ALTER TABLE `cleans`
  ADD CONSTRAINT `cleans_room_id_foreign` FOREIGN KEY (`room_id`) REFERENCES `rooms` (`id`) ON DELETE CASCADE,
  ADD CONSTRAINT `cleans_user_id_foreign` FOREIGN KEY (`user_id`) REFERENCES `users` (`id`) ON DELETE CASCADE;

--
-- Constraints for table `customers`
--
ALTER TABLE `customers`
  ADD CONSTRAINT `110459_5a676ed5d9792` FOREIGN KEY (`country_id`) REFERENCES `countries` (`id`) ON DELETE CASCADE;

--
-- Constraints for table `items`
--
ALTER TABLE `items`
  ADD CONSTRAINT `items_roomid_foreign` FOREIGN KEY (`roomId`) REFERENCES `rooms` (`id`),
  ADD CONSTRAINT `items_supplierid_foreign` FOREIGN KEY (`supplierId`) REFERENCES `suppliers` (`id`);

--
-- Constraints for table `rooms`
--
ALTER TABLE `rooms`
  ADD CONSTRAINT `rooms_category_id_foreign` FOREIGN KEY (`category_id`) REFERENCES `categories` (`id`);

--
-- Constraints for table `services`
--
ALTER TABLE `services`
  ADD CONSTRAINT `services_item_id_foreign` FOREIGN KEY (`item_id`) REFERENCES `items` (`id`);

--
-- Constraints for table `users`
--
ALTER TABLE `users`
  ADD CONSTRAINT `110457_5a676d8ddf4c7` FOREIGN KEY (`role_id`) REFERENCES `roles` (`id`) ON DELETE CASCADE;
COMMIT;

/*!40101 SET CHARACTER_SET_CLIENT=@OLD_CHARACTER_SET_CLIENT */;
/*!40101 SET CHARACTER_SET_RESULTS=@OLD_CHARACTER_SET_RESULTS */;
/*!40101 SET COLLATION_CONNECTION=@OLD_COLLATION_CONNECTION */;
